text,date,rating,has_official_reply,reactions_total,categories,edited
Т,18 ноября 2025,1,False,0,15. Нерелевантный / пустой отзыв,True
Люди составляющие расписание имеют сердца и логику. Зачем делать такие неудобные расписание,12 сентября 2025,2,False,1,12. Администрация и студ. отдел,False
"Расписание уроков очень не удобно, как попало, окошки между парами часами. Еще говорят что сами выбрали…..",26 сентября 2024,1,False,4,12. Администрация и студ. отдел,False
Отзывы никуда не скроете твином,10 октября 2023,1,False,7,Жалоба на удаление отзыва,False
Ваще ничего не понятно ожидала больше и свои деньги тоже не оправдывает в школе даже лучше учат,17 сентября 2025,1,False,0,4. Преподаватели и качество образования; 6. Стоимость и финансы,False
"Сестрёнку отдали на курс английского. Ей 10, самостоятельно посещать курсы не может. Ее нужно привозить и увозить. Всё взрослые дома работают. Изначально оговоренное время нам подходило. Но потом, они начали менять время и дни уроков как им вздумается. Ужасное, плевательское отношение ко времени других людей. Самое главное, преподаватель в чат пишет безо всяких объяснений, типа ""сегодня урок начнется в такое то время"" и всё. Или ""сегодня урока не будет, пройдем в субботу""

Пишу им об этой проблеме, игнорируют, класс 👍",12 сентября 2025,1,False,0,12. Администрация и студ. отдел,True
Турецкий язык отнимает много времени ! Никто не дает так много задач и работы как MDE . Столько сил было потрачено на не нужную мне язык,28 июля 2025,1,False,1,4. Преподаватели и качество образования,False
"Из за гнилых преподавателей Жасулан Ахметов и алмас Агай , мы нормально не можем устроиться на работу , они не показывают какая работа ждет , а просто проводят теории и все и сдаешь экзамены . А в реальной работы теории не нужны",18 мая 2025,1,False,0,4. Преподаватели и качество образования; 7. Трудоустройство и карьера; Упоминание имен учителей,False
"Универ как универ, не самый лучший но не самый худший, персонал грубый со студентами, администрации вообще плевать",9 апреля 2025,3,False,0,12. Администрация и студ. отдел; 22. Общий нейтральный отзыв,False
тангы 8де айдишкасыз киргызбей койды охраник👎🏼👎🏼👎🏼,5 апреля 2025,1,False,5,1. Охрана и пропускной режим,False
"Ужасно, плохо, постоянная давка на студента, непонимание со стороны руководства, жестокие правила, огромные ценники, не самые лучшие условия, а так по образованию неплохо✅",7 ноября 2024,1,False,2,6. Стоимость и финансы; 12. Администрация и студ. отдел,True
Әйел бастаған көш оңады!,8 марта 2024,3,False,5,9. Феминизм,False
Машина котине тыгып кой,10 октября 2023,1,False,1,15. Нерелевантный / пустой отзыв,False
"Моего братана не приняли на грант в дипломатию, хотя набрал 100+ баллов, ещё далеко от города, ещё и бывшая там учится фу",12 ноября 2024,1,False,10,3. Поступление и приёмная комиссия; 10. Транспорт и расположение,True
"Қабылдау комиссиясы дұрыс ұйымдастырылмаған, бір талоннан бір талон алу, ағылшын емтиханына талон, өтініш жазу үшін талон, документ тапсыру үшін тағы талон алу, 3 сағат жүріп, әрең тапсырып кеттік.",16 августа 2023,1,False,4,3. Поступление и приёмная комиссия,True
"Обратите внимание на поведение работницы студенческого отдела, явно не знает что она на работе",25 декабря 2022,1,False,5,12. Администрация и студ. отдел,False
"Нурсултан агай который в общаге работает , тупой качек",18 октября 2022,1,False,5,17. Общежитие; Упоминание имен учителей,False
"Неадекватные уборщицы, бьют по ногам шваброй вместо того чтобы попросить встать",5 октября 2022,1,False,5,14. Инфраструктура и кампус,False
Салтанат Абубакировну в психбольницу для душевнобольных шизофреничек пожалуйста,13 декабря 2021,1,False,41,Упоминание имен учителей; 21. Общий негативный отзыв,False
"Күзетшілер өте дөрекі, мүлдем эмпатиясы жоқ , надан, тас жүрек, мәдениетсіз адамдар. Студенттермен де ата-аналармен де орынсыз сөйлейді.
Кішкене кеш шығатындай жағдай болып қалса, (шамамен 19:30) қолдарындағы фонарьмен адамның бетіне жарығын түсіріп, мазақ қылады. Студентті адам орнына санамайтын сияқты. Бұл күзетшілерге адамдармен қалай сөйлесу керектігі жайында тренинг-семинар өткізу керек деп ойлаймын.
Университет деген студенттердің білім алып жастық шақтарын өткізетін жер. “Театр гардеробтан басталады” демекші, университет қақпасынан осындай, адаммен сөйлесу мәнерін білмейтін күзетшілер қарсы алғаны, олардың әдепсіз қылықтары бүкіл атмосфераны құртады.",26 ноября 2025,1,True,0,1. Охрана и пропускной режим,False
здравствуйте сду хороший университет такой большой университет но я потерял сына в сду его зовут роберт аян он такой бородатый и усатый и он похож на нурдаулета вообщем помогите найти его он потерялся после экзамена,17 ноября 2025,2,False,0,15. Нерелевантный / пустой отзыв,False
"Кезинде Директор общаганын Шохан деген Киси болган , намазханда , бирак тарбиесиз киси",14 ноября 2025,1,False,0,17. Общежитие; 8. Религия; Упоминание имен учителей,True
"Орта, орта деп қанды ішті. Неге универ істеріне дінді араластырасыздар? Ортаға кіретін студенттерге мұғалімдер басқаша қарайды. Көп дүниесіне көздерін жұмады, көтермелейді. Не сұмдық??! Адалдық болу қажет барлық жерде! Орта адамдары деп бөлектеп, бар жерде көтермелеп, соларды ғана іріктеп алуды тоқтатыңыздар!!!!!",26 октября 2025,1,False,7,8. Религия; 13. Дискриминация и этика,False
Не универ а чист здесь секта блин какая то для хизметчиков . Вы думаете что вы все такие правильные что ли ошибаетесь в 2 счета сломаетесь блин,24 октября 2025,1,False,2,8. Религия,True
"Учиться конечно тут тяжело , нагрузки высокие но и цена конечно бешенная . Не пошел на уроки тупо деньги сгорают оказывается , и штрафы тут растут . Месяц два не ходил , декан звонит. На отчисление и все .",23 октября 2025,1,False,0,4. Преподаватели и качество образования; 6. Стоимость и финансы,True
Дата сайнс мұғалімдері деңгейі төмен,23 октября 2025,1,False,1,4. Преподаватели и качество образования,False
"Чушпански универ,Нархоз лучше",23 октября 2025,1,False,0,21. Общий негативный отзыв,False
"Для работы в сду не самое хорошее место, зп pizdez мало . У меня все зп уходит только на дорогу , живу в сторону алмарасан пока спущусь доеду докаскелена. У меня уже пол бака нет , и каждый день по 10.000 заливаю 40 литров выходит бензин . Мне не выгодно .Почти я уволился обход делаю по всем документам. Ниче в городе найду по лучше",21 октября 2025,1,False,0,21. Общий негативный отзыв,True
"Сервера на картошке, портал не открывается, предметы не успеваем брать. Все очень ужасно. И так каждый семестр",21 октября 2025,1,False,45,5. Портал и IT-системы,True
"Хизметчиков дофига здесь , хотя в школах запрещены носить платки , паранжа никабы. В универах тоже должен быть запрет на ношение . Если кто против значит не все в порядке увас в семье . Какие то фантазии что ли в голове у этих намазханов , что в увас голове , хинею несете честно",14 октября 2025,1,False,3,8. Религия; 13. Дискриминация и этика,True
Менің өте көп лайк жинаған нашар отзывымды неге өшіріп тастағансыздар?!,13 октября 2025,1,False,7,Жалоба на удаление отзыва,True
Шарага,12 октября 2025,1,False,0,21. Общий негативный отзыв,True
каладан келемін деп шаршадым ше,10 октября 2025,3,False,6,10. Транспорт и расположение,False
Не поступайте сюда,9 октября 2025,1,False,9,21. Общий негативный отзыв,True
"Перестаньте разговаритттс абишками как сиз миз, всегда на ты общаетесь . Потом после универа вас за чморят",9 октября 2025,1,False,1,11. Атмосфера и студенческая жизнь; 8. Религия,False
Просто сыртан көрем,2 октября 2025,3,False,0,15. Нерелевантный / пустой отзыв,True
"Сду испортился , каждый 5 лет руководство часто меняются , быт турки раньше щас казахи . Такое отношение тебе нужно ты сам здесь ходишь все ищешь , бегать тут никто не будут. Допустим мид провалил , все дальше с учителям не договоришься , поставил не зачет остался на 2 год . Лучше всего перейти в другой универ или искать какие то курсы что бы в жизни не не потеряться",2 октября 2025,1,True,3,12. Администрация и студ. отдел; 21. Общий негативный отзыв,True
Не поступил,28 сентября 2025,2,False,13,3. Поступление и приёмная комиссия,True
"адам нервсна тиды бари, преподавательдержен бастап окушыларга дейын. никакого уважения! адамга сойлеу былмейды. сдуга тускеным омырымдегы улкен ошибкам. 26+ тулектеры сдуга туспендер вообще, шарага",20 сентября 2025,1,True,5,4. Преподаватели и качество образования; 12. Администрация и студ. отдел,True
IITU☝️☝️☝️☝️🦁,16 сентября 2025,1,False,10,15. Нерелевантный / пустой отзыв,False
"Ebanutyi универ здесь каждый год цены повышают раньше я оплачивал 750.000 юр факультет , щас стоит 1.300.000 че то перебор , р
Хозяин наверно нажрался и не подавился . Я за эти деньги блин в штаты поехал бы",15 сентября 2025,3,False,4,6. Стоимость и финансы,False
"Намазханский университет . Не участвуйте не в каких сектах . Не ходите в сохбеты , етиш вот те абишки хорошо умеют промывать вам мозги . Ну зачем вам это. Вы же не loshary мозг есть",15 сентября 2025,1,False,12,8. Религия,True
KBTU,15 сентября 2025,1,False,14,15. Нерелевантный / пустой отзыв,False
не советую,8 сентября 2025,1,False,5,21. Общий негативный отзыв,False
"Әлі сол расписаниямен проблема.ішіндегі деканатқа барсаң ешқайсы үндемиді ары барыңыздаршы деп,уважение ноль,Студенттерге қызмет көрсету орталығына барсаң ол да сөйлемиді ешқандай сұрағынызгаа жауап бере алмаймын деп,не істейді бұлар сонда ішінде отырып алып әңгіме айтқаннан басқа?",5 сентября 2025,1,False,23,12. Администрация и студ. отдел,False
Одни здесь naebwiki,5 сентября 2025,1,False,5,21. Общий негативный отзыв,False
"Карьерный центр не отвечает, безответственный универ",4 сентября 2025,1,False,0,7. Трудоустройство и карьера; 20. Колл центр,False
"Өте нашар университет
Облыстағы жалғыз университетпіз деп мақтайды
Бірақ ОНАЙ жасамайды қаладан барып келетін оқушылар не істейді сонда
Қанша жыл болды
Осы проблеманы дұрыстай алмай келеді
Админстрация дұрыс жұмыстарын істемейді
Минустары көп университет",4 сентября 2025,1,False,20,10. Транспорт и расположение; 12. Администрация и студ. отдел,False
"Advising desk номеры мулдем алмайды, оффлайн барса комектесе алмайды ешкайсысы. Сагат 08:30 бастап жумыс истейди деп кате корсетилген",4 сентября 2025,2,False,4,12. Администрация и студ. отдел; 20. Колл центр,False
"Тысячу раз подумайте прежде чем поступать сюда!!!
Если хотите увидеть, как бюрократия ломает жизни выпускников – вам сюда. Университет совершенно не умеет работать с выпускными документами.

Во-первых, заявку на преждевременное получение дипломов (!) сотрудники умудряются отправлять не через официальные каналы и почты, а… через TELEGRAM. Какой в этом смысл? В результате половина студентов, которые срочно нуждаются в дипломе для визы и учебы за границей, остаются в подвешенном состоянии.

Во-вторых, кураторы ведут себя максимально безответственно: игнорируют сообщения, сбрасывают звонки и даже не могут толком объяснить, что происходит. Если вам нужен хоть какой-то ответ – готовьтесь к футболу между отделами.

Всё держится на “ждите списка”, “не готово”, “мы не можем помочь”. Это при том, что визовые сроки у студентов горят, апостиль занимает недели, а универу на это наплевать.

Upd: student services научитесь поднимать трубку",3 сентября 2025,1,True,20,18. Дипломы и документы; 12. Администрация и студ. отдел; 20. Колл центр,True
"Уважаемая администрация
Была здесь только 2 дня
Но с едой общаги происходит ужасы
Утром не хватает яйца , каркаде только 1 литр больше их нет мы каждый день из за этого пьём ВОДУ ОТ ТУДА
ТОЛЬКО КАРКАДЕ И ГОРЬКИЙ КОФЕ
За что мы вам платили ?!
Почему напитки и еду не рассматриваете на весь студент в общаге ( вечно что то не хватает)
Приготовьте чай, кофе 3в1 , каркаде и компоты чтоБЫ были полными НИКОМУ НЕ ХВАТАЕТ ЭТОТ ОДИН ЛИТР
СЕРЕЗНЕЕ ОТНОСИТЕСЬ НА ЭТО!",29 августа 2025,1,False,14,2. Еда и столовая; 17. Общежитие,False
"На магистратуру сюда не поступайте (я сто раз пожалел). Думал AITU ужасный университет. AITU по сравнению с SDU рай на земле. В SDU единственный плюс - красивый кампус. Больше плюсов нет.

Не поднимают трубку и не отвечают по почте. Неадекватный портал, в котором для выбора недоступна половина элективных предметов. И об этом не уведомляют даже за неделю до начала регистрации, а просто ставят перед фактом. Отсутствие лабораторных занятий, из-за чего портал начинает тупить и не дает до конца выбрать единственную доступную для выбора элективку.

В общем одни проблемы. Никто вам не захочет помочь. Все работают по-принципу «лишь бы отстал». У большинства преподавателей низкая квалификация, при этом мнут из себя чуть ли не гениев и вундеркиндов.

Преподаватели опаздывают сами, при этом если ты выходишь на 2 минуты ответить на звонок - тебе ставят «absent» (отсутствие на занятии). И при вопросе объясняют это тем, что за эти две минуты взяли «attendance», несмотря на то, что ты пришел раньше преподавателя и он тебя видел сам.

Оценку могут снизить за то, что преподаватель счел вашу работу «неадекватной». И каких-либо более развернутых ответов вам не дадут.

На retake отправят за превышение 30%-го порога отсутствия на 1%. И никакие просьбы о дополнительных заданиях и сертификаты вам не помогут. Да, это вина самого студента, но тем не менее адекватные преподаватели могут попытаться понять.

Если вы работаете, то этот университет будет вашим худшим выбором. О котором вы будете жалеть все время учебы так же, как и я.",28 августа 2025,1,False,33,5. Портал и IT-системы; 4. Преподаватели и качество образования; 12. Администрация и студ. отдел,True
0,28 августа 2025,1,False,3,15. Нерелевантный / пустой отзыв,True
"Заселиллись в общежитие подуставший ремонта не было вообще душно , шкафы не удобные . Туалет не убран с первых дней . В кантин пошли перекусить духота нет вентиляций охлождения можно было предусмотреть в туалетах грязь . Читайте смотрите на замечания людей . Хвалитесь же своей репутацией будьте добры брать во внимание , а не как будто не видите себя со стороны.",27 августа 2025,1,True,3,17. Общежитие; 2. Еда и столовая; 14. Инфраструктура и кампус,False
"Ужасный сервис просто , звали из Астаны но не приняли, высокомерные .",25 августа 2025,1,False,5,3. Поступление и приёмная комиссия; 12. Администрация и студ. отдел,False
"СДУ так не нравится правда, что решили заблокировать мой предыдущий комментарий))
Отпишусь только по своему факультету. Поступала в филологический, 2 иностранных языка, специальность - учитель. И казалось бы, ты будешь ожидать кучу профессионалов своего дела, в итоги только 2-3 учителей действительно хорошо делали своё дело, а именно заинтересовывали в своем предмете, давали нужные знания, УЧИЛИ быть УЧИТЕЛЕМ. Остальные все, а именно 90% преподавателей не понимали толком какой материал они преподносят студентам. Методики которые якобы они нам объясняли не применялись ими на лекциях вовсе. Внутренности изучаемых материалов не соответствовало нужным требованиям для изучения преподавательского дела. Качество знаний в этом университете очень низкое, и не соответствует ценам. Добавлю еще что есть учителя отдающие предпочтение мужскому полу, а не женскому (Тут тугис решил что я оскорбляю)

ЧР, бухгалтерия как и отписались ниже не работают. Я соглашусь со всеми негативными отзывами касательно департаментов, которые должны помогать студентам с вопросами документов, оплаты и т.д. Получаемые справки и документы не принимаются другими университетами. Я не могла перевестись из-за того что СДУ не корректно оформляли мою справку.

Касательно сект, это правда. Очень много студентов были завербованы фанатиками, а делают они это всё через абишек, кураторов, маклюбе тусовок, и т.д. И что самое смешное, у студентов вступившие в эти секты поддержки больше чем у обычных. Вот тебе и коррупция, у этих студентов и оценки лучше, и даже если Fail получили, тебя твой куратор прикроет, и поможет с оценками)) А вот если обычный студент вдруг завалил предмет, он будет как положено повторно сдавать его.

Не рекомендую поступать в этот университет. Есть множество вариантов по лучше, где и знания хорошие, и учителя знают что преподают и свой материал.",21 августа 2025,1,True,31,4. Преподаватели и качество образования; 12. Администрация и студ. отдел; 8. Религия; Жалоба на удаление отзыва,True
"Очень жаль на звонки не отвечают и на сообщение тоже, приемная комиссия не точную информацию предоставляют, все так не охотно.первый раз съездили в июне в приемную комиссию рассказали одну информацию, после в июле другую. Очень жаль",17 августа 2025,1,True,2,3. Поступление и приёмная комиссия; 20. Колл центр,True
"На самом деле местоположение и само обучение оставляют желать лучшего. Организация учебного процесса слабая, отношение к студентам тоже далеко не на уровне. Во время практики приходится всё искать и решать самостоятельно, никакой реальной поддержки нет. При этом администрация не идёт навстречу студентам всё даётся с трудом, и за каждый шаг приходится платить немалые деньги, что касается не только платников, но и тех, кто учится на гранте.",16 августа 2025,1,True,10,4. Преподаватели и качество образования; 10. Транспорт и расположение; 6. Стоимость и финансы; 12. Администрация и студ. отдел,True
"Айналайын лагері үшін бұл жұлдыз. Халықтың мазасын алып, түннің жарымына дейін музыка қойып. Үйде кішкентай бала бар, кемпір шал бар дегендей. Жын ойнақ жер сияқты. Баласын осы лагерге жіберіп отырған ата аналар ойлана ма екен? Балам не алад, не үйренед деп? Или баласынан құтыла алмай, жазда да миын тыныш болсын деген ата аналар жібере ма екен баласын. Кешкі 6-7ден бастап түнгі 10ға дейін жын ойнақ музыка. Тек билейді. Түнгі ұйқысына да зиян , жалпы жақсы бір құндылық үйретеді деп айта алмаймын мынандай музыкалармен.",28 июля 2025,1,False,2,16. Лагерь,False
"Как же вы уже надоели в прям смысле этого слова. Не могут нормально даже диплом выдать. На ровном месте создают проблемы, просто нелогичные проблемы, которые можно решить за секунду они могут мнуть днями.",25 июля 2025,1,True,5,18. Дипломы и документы; 12. Администрация и студ. отдел,False
Гранта нет значит пяти звезд тоже нет,18 июля 2025,1,False,12,3. Поступление и приёмная комиссия; 6. Стоимость и финансы,False
Клубтар үнемі бірдеңе ұйымдастырып қатты музыка қойып дұрыстап сабақ оқытпады. Трц қылып жіберді. А так тамаша мұғалімдер мен керемет кампус,9 июля 2025,3,False,1,11. Атмосфера и студенческая жизнь; 4. Преподаватели и качество образования,True
Айман окиды не оч,8 июля 2025,1,False,1,15. Нерелевантный / пустой отзыв,True
Джони оқиды абайландар,7 июля 2025,1,False,0,15. Нерелевантный / пустой отзыв,False
"Университет дал много, но, к сожалению, остались и моменты, которые сложно оставить без внимания.
Первая проблема — это отношение к студентам. Очень часто вместо помощи — просто “футбол”: отправляют от одного сотрудника к другому, никто не берёт ответственность, и студент вынужден сам разбираться даже там, где ошибка явно не его.
Вторая — работа бухгалтерии. Вместо нормального диалога — формальный подход и отсутствие желания помочь. Всё затягивается, приходится по нескольку раз возвращаться к одному и тому же. Поддержки нет, требования — есть.
Третья — учителя сами не знают, чего хотят от студентов: на предзащитах одно, на файнелах — другое. Каждый раз приходится угадывать, подстраиваться, менять всё в последний момент.

Очень многое остаётся невысказанным. Но, пожалуй, об этом просто буду молчать….",20 июня 2025,1,True,22,12. Администрация и студ. отдел; 4. Преподаватели и качество образования,True
Намазханский универ,8 июня 2025,1,False,8,8. Религия,False
Тамақтары 2/10,19 мая 2025,2,False,8,2. Еда и столовая,False
Валяется дома в полке СДУ диплом и что толку денег заплатил за обучение и на работу устроиться нужны знакомые если кто в сфере юриста отучился . После универа вот фиг возьмут на работу,11 мая 2025,1,False,15,18. Дипломы и документы; 7. Трудоустройство и карьера,False
"Лажовый универ с совсем молодым составом, которые сами не знают чего хотят от студентов. Ни общаги нормальной, ни организованной работы деканатов. Преподы, которые меняют свои требования или вообще могут отменить занятия. Миллион раз пожалели, что сестренку отдали сюда. Через год полного беспредела забрали в другой универ. Подумайте миллион раз, прежде чем сюда вообще поступать и иметь дело с данной организацией.",9 мая 2025,1,True,36,4. Преподаватели и качество образования; 17. Общежитие; 12. Администрация и студ. отдел,False
"Есть пару абишек далбандар, они вот реально мешают учиться",5 мая 2025,1,False,13,8. Религия; 11. Атмосфера и студенческая жизнь,True
Пойдет,2 мая 2025,2,False,2,22. Общий нейтральный отзыв,False
Судью на мыло,27 апреля 2025,1,False,5,15. Нерелевантный / пустой отзыв,True
"Не много об университете , в данном заведении что мешает это обсуждение религии понятно что здесь одни намазханы учатся , правильные такие себя строят ок с этим . В народе это называют промывка мозгов типо в будущем не потеряться . Каждый сам человек решает кем быть и тут появляются абишки кореалмайт просто вот они ходят всем уагыз читает",24 апреля 2025,1,False,17,8. Религия,False
Қанды ішкен университет ай,18 апреля 2025,1,False,12,21. Общий негативный отзыв,False
Очень классно,17 апреля 2025,3,False,0,23. Общий позитивный отзыв,False
"Нармас, не учусь там😎😎😎😎👍👍👍 за это и звезды",14 апреля 2025,3,False,2,15. Нерелевантный / пустой отзыв,True
Донер онша емес екенғо айтпайсыңдарма😔🤣,10 апреля 2025,3,False,6,2. Еда и столовая,True
"Универ как универ, не самый лучший но не самый худший, персонал грубый со студентами, администрации вообще плевать",9 апреля 2025,3,False,9,12. Администрация и студ. отдел; 22. Общий нейтральный отзыв,True
"D214
2 ай болды розетка істемейді",8 апреля 2025,1,False,11,14. Инфраструктура и кампус,False
Ахи лер коб болыпкеткен акыл айтып насихаттап,2 апреля 2025,1,False,11,8. Религия,True
далеко :(,31 марта 2025,1,False,6,10. Транспорт и расположение,False
"Хватит брать молодых в профессора, пусть хотя бы магистратуру закончат. Phd получат, потом только идут в профессора. Лучше чуть чуть доплатите и возьмите на работу квалифицированных преподавателей с жизненным опытом в преподавании. Акшаны аямай дени дурыс, окыта алатын профессорларды тарту керек кой. Бакалавр битире салысымен профессор жасамай. ТФЛ мугалимдери жайлы айтып отырмын.
Учитель ценится не только знаниями, но и жизненным опытом. That is not ageism, this is what I have been observing for 3 years now. Пора бы уже перестать брать своих студентов в преподы. А начать действительно искать более квалифицированных преподавателей.
Я даже добавлю описание прроблемы. Благодаря тупейшему делению на группы, у вас есть прекрасная возможность остаться одному без группы. После получить несправедливую критику в вашу сторону. В конечном итоге дабы не подпортить вашу оценку за семестр придется платить 100000 тенге для того чтобы убрать этот предмет на время, после снова взять его на 4 ом курсе заплатив больше 150000. И все это благодаря преподавателю, который захотел так поделить студентов. И это лишь один пример из жизни студента СДУ. А таких преподавателей тут дофига и больше.
Бастарың істесе в натуре басқа универге түсіңдер. 70% өзінше, кісі болған жап жас, тәжірибесі аз мұғалімсымақтар. Почему пишем здесь? Потому что деканат просто не слышит студентов, ну и еще предостеречь абитуриентов от таких гнилых преподавателей.",31 марта 2025,1,True,85,4. Преподаватели и качество образования,True
Бастарың істесе КБТУ-ға түсің,26 марта 2025,1,False,21,21. Общий негативный отзыв,False
Адам шақырған соң парковканы ашып қойсаңыздаршы,14 марта 2025,3,False,5,1. Охрана и пропускной режим,True
"ПОЖАЛУЙСТА, анау эдвайзингке дени дурыс адам койындаршы!! Жумыс истегендеры миндет.",14 марта 2025,1,False,33,12. Администрация и студ. отдел,True
"Хочу оставить честный отзыв как студент этого заведения. Будет очень полезно родителям и абитуриентам. Хуже этого универа я не встречала, они не думают о благе и образование студентов. 80% «профессоров», которые там преподают, это магистранты, которые там учатся. Люди не наделенные ничем! Они там работают, только потому что стоят дешевле реальных педагогов с опытом работы. Универ еще сам любитель легально обворовывать студентов. Да, он славиться тем что никто не берет взяток, соглашусь похвально. Однако смысл этой коррупции, если они все это могут сделать легально. Например, в каком университете вы видели, чтобы аттестат продавали за 200к тенге? Это ваш табель с отметками, где если вы платник платили за каждый предмет. Вы должны будете его выкупить за 200к!!! Так же это универ где работают специалисты, которые вообще не могут поручиться за свои слова и будут вас гонять от одного специалиста к другому. Кстати заметили красоту университета? А новый кампус заметили? Это все на ваши деньги строиться, чтобы в следующем году поступило еще больше студентов и чтобы с них тоже сдирать. У нас ведь каждые два года новые кампусы строятся. Кстати вам нужно еще привыкнуть к тому что учеба каждый год будет дорожать, а правила университета меняться так что запутаешься. У нас очень большой университет, каждый год как я сказала строятся новые кампуса, здания новые появляются на территории, однако мест где можно поучиться или посидеть в тишине, подготовиться к уроку все меньше. Парадокс.",5 марта 2025,1,True,67,4. Преподаватели и качество образования; 6. Стоимость и финансы; 18. Дипломы и документы; 8. Религия,False
"Адамдары онша емес екен, осы үшеуі біртүрлі. Қашан қарасаң сабақ оқымай жүреді. Вообще ұнамайды, қашан бітіреді екен? 🙄🙄😬😬😤😤😖😖😕😕😏😏😒😒",22 февраля 2025,1,False,8,15. Нерелевантный / пустой отзыв,True
Плов 2500 не слишком дорого просите на ярмарке от шугыла,21 февраля 2025,1,False,10,2. Еда и столовая,False
"Ребят зачем вы все толпой ходите на сохбеты или так называемый шай , понятно это что общение дает , пока вы еще не понимаете особенно в квартирах когда буду промывать мозги и пихать религию зачем вам это нужно , гуляйте , работайте , зарабатывайте деньги , думайте о семье , выезжайте за границу смотрите на мир проще . Не надо голову этим забивать религия религия деп",21 февраля 2025,1,False,15,8. Религия,True
"Фето это движение секты хизмет , хорошо промывают вам мозги ну кто ходит эти шай май",20 февраля 2025,1,False,5,8. Религия,False
"Это не универ, а место грабежа, который сделали легальным.
Объясняю почему: После поступления универ, ТЫ ДОЛЖЕН БУДЕШЬ брать, курсы английского, ПРИНУДИТЕЛЬНО! Но в ином случае тебя не примет предметники. После окончания ты будешь работать в Казахстане, на казахском языке, но учеба на английском, никакого иного выбора нет. Этих можно смело назвать сепаратистами, со своим уставным законом о языке",17 февраля 2025,1,True,18,6. Стоимость и финансы; 4. Преподаватели и качество образования,True
.,17 февраля 2025,3,False,0,15. Нерелевантный / пустой отзыв,True
Нашар уник,10 февраля 2025,1,False,10,21. Общий негативный отзыв,False
Портал нашар жұмыс жасамайды тек ақша алу,27 января 2025,1,False,15,5. Портал и IT-системы,False
Портал оставляет желать лучшего,23 января 2025,3,True,29,5. Портал и IT-системы,True
Оздерынды оиландар окитын болсан сразу аилтспен кел бомба пушка петарррда болад 👍🏻👍🏻👍🏻👍🏻,13 января 2025,3,False,2,15. Нерелевантный / пустой отзыв,False
"Учусь в этом университете третий год, за все это время не разу не наблюдала, что бы можно было с легкостью создать свое расписание, өзіңе өзің сабақ кестесін құру деген жәй галочка үшін тұрған зат. Барлық курсттың студенттері үшін порталды бір уақыттан ашады. Они отлично понимают, что он не рассчитан на такое количество студентов! В этом году я окончательно разочарована! Жаль что осознание пришло так поздно. Система этого университета не доработана, и никто не занимается этим. Если вы собираетесь сюда поступать, то будьте готовы трепать свои нервы каждый семестр как минимум ради того, что бы сайт сду хотя бы открылся.",13 января 2025,1,False,35,5. Портал и IT-системы,False
Не поступайте! 2 года назад все было отлично. Со временем превратились в шарагу,11 января 2025,1,False,18,21. Общий негативный отзыв,False
1234567890,11 января 2025,1,False,121,15. Нерелевантный / пустой отзыв,True
"Портал жөнделсе 5 қоямын, пока что ""отыр, 2""",10 января 2025,2,False,27,5. Портал и IT-системы,False
"Портал ужас, 10 сағат бойы жасаған расписаниены ауыстырып жіберсе, расписаниены өзіміз жасадық дегеннен не пайда?",10 января 2025,1,False,28,5. Портал и IT-системы,False
Порталдың жұмыс істегені айтқанымен Ке Ре Мет!,10 января 2025,1,False,9,5. Портал и IT-системы,False
джигнутый университет 🤪,10 января 2025,1,False,11,21. Общий негативный отзыв,True
хуже портала быть не может,10 января 2025,1,False,31,5. Портал и IT-системы,True
"сойдёт, но далеко от города
не смотря на хорошее айти обучение, портал делали далёкие от этого айти люди",10 января 2025,3,False,22,5. Портал и IT-системы; 10. Транспорт и расположение,True
худший портал за всю историю человечества,10 января 2025,1,False,39,5. Портал и IT-системы,True
Порталға сөзім жоқ 🙂‍↕️,10 января 2025,1,False,31,5. Портал и IT-системы,False
Прошу сделайте портал нормальным!,10 января 2025,1,False,19,5. Портал и IT-системы,False
Сорлы порталдарыңды дұрыстаңдаршы 🤬,10 января 2025,1,False,25,5. Портал и IT-системы,False
Универден шығып кетер едім порталдың сервері үшін. Әттең әке шешем қарсы,9 января 2025,1,False,44,5. Портал и IT-системы,True
"Сервер слабый, порталдары жұмыс істемейді, оқып жатқанымызға уже 4 жыл, мал уник. Бір жақсы нәрсе естімедім да",9 января 2025,1,True,42,5. Портал и IT-системы,False
Портал почините🙏🙏🙏,9 января 2025,1,True,28,5. Портал и IT-системы,False
"Обучение в сфера Айти 8/10
Но портал сду во время регистрации предметов это конечно Pi@d#$ ...",9 января 2025,1,True,7,5. Портал и IT-системы,False
"Ужас просто. Әр семестр бір ақ рет болатын регистрацияны неужели дұрыстап істеуге болмайды? Неге БАРЛЫҚ курстарды бін күнге қойып қойған. Элементарный зат қой, и так понятно же что портал не будет работать. Ұялмайсыздар ма, сонша студенттен біраз ақша алып отырсыздар ғой?",9 января 2025,1,True,17,5. Портал и IT-системы,False
Портал жондендер 😡😡😡,9 января 2025,1,False,27,5. Портал и IT-системы,True
"4 года одно и то же, почему дилемма с регистрацией в портале всегда начинается одинаково. да, понимаю, портал не всегда так загружен как при регистрации, но раз уж открываете ВСЕМ курсам в один и тот же день и даете один и тот же период для регистрации наверное можно хоть на этот промежуток времени потратиться для того, что сервак реально выдерживал нагрузку, а не сразу блокать все внешние попытки соединения и оставлял доступ только внутренней сети. несколько тысяч студентов учатся, можно же не повторять одну и ту же дилемму год за годом",9 января 2025,1,True,10,5. Портал и IT-системы,False
"Почините уже портал, купите нормальные сервера, найдите других провайдеров или банально не ставьте регу всему универу в одно время, просто не хотят тратяться на благо и удобство студентов и подняли цены общежития до небес",9 января 2025,1,True,37,5. Портал и IT-системы,True
Шарагааааааа,9 января 2025,1,False,18,21. Общий негативный отзыв,True
ПОРТАЛ🤬🤬🤬🤬🤬🤬,9 января 2025,1,True,25,5. Портал и IT-системы,False
"выделите пожалуйста деньги на исправку портала чем тратить на бесполезные понты, спасибо",9 января 2025,1,True,43,5. Портал и IT-системы,True
порталдарынды сигейин,9 января 2025,1,False,35,5. Портал и IT-системы,False
Порталды дурстандаршы,9 января 2025,1,True,21,5. Портал и IT-системы,True
"Жылына міндетті түрде 2 рет болып тұратын голодные игры ойынының ережесі. Сабақ кестесін жасау үшін порталға кіреміз. Егер портал қуып тұрсада ноутбукпен, телефонмен, т.б. құрылғылармен кіругі тырысу. Егер барлығынан бұрын сабақ кестесін жасап бітсең сен жеңімпазсың! Сәттілік!",9 января 2025,1,True,22,5. Портал и IT-системы,False
Надоели со своим порталом,9 января 2025,1,True,16,5. Портал и IT-системы,False
Не советую,8 января 2025,1,False,9,21. Общий негативный отзыв,False
"Охрану нужно сменить они как бульдоги в зоопарке готовы съесть их не могли обучить за десять лет, в универе нет кондера летом и постоянные очереди везде. Обучение дорогое не соответствует ожиданиям и знание не очень дают.",31 декабря 2024,1,False,5,1. Охрана и пропускной режим; 4. Преподаватели и качество образования; 14. Инфраструктура и кампус,False
Ауезовта оки беру керек еды,21 декабря 2024,1,False,8,21. Общий негативный отзыв,True
"Осы бала ешек мал 7-8 жыл каксап журед , айтатыны Америка Мексика тихуана",21 декабря 2024,1,False,0,15. Нерелевантный / пустой отзыв,False
"Не правильно когда впихивают движение хизмет , среди молодежи. Типо в будущем что бы не потерят себя , чеза промывка мозгов",20 декабря 2024,1,False,2,8. Религия,False
"Үштің өзі күш, чисто символическая тройка. Болмайтын ретейк үшін Қуантқан тичерға жалынды сәлем!",8 декабря 2024,3,False,7,4. Преподаватели и качество образования; Упоминание имен учителей,False
"Жігіттер, қыздар сәл оқымайтын болсаңдар, вообще түспеңдер. Ақшадан басқа дым бермей кетесіңдер. Жақсы орта табасыңдар базар жоқ, бірақ оқымайтындарға вообще не стоит",29 ноября 2024,2,False,5,6. Стоимость и финансы; 4. Преподаватели и качество образования,True
"Универ хороший, но универ для тех кто готов учится , откладываться на все 100.Там без знания англиского очень тяжко будет, поверьте.Вы там не будите осваивать обучение а просто будите ввживать без знания англ, хоть бы на 50 закрыл хоть бы стипендия остался.Лучше выучить англиский потом поступать сюда.Безусловна там образование лучше , но местами и есть косяки. Там ты сам собой в этом универе, тебя там никто за руку не будет вести как в других универах. Приходишь на пары сам для себя, там кураторы , преподы не будут выеснять с тобой почему ты не пришел на эту пару нет. Не пришел пинай на себя им даже дело нет до тебя их задача показать и ознакомить с предметом и оценивать дз и все.Ты учишься для себя , адаптируешься сам.Там КТЛ система местами ктотучился в КТЛ поймут, им будет легче там освоится.Я сам обучался в этом универе , но к сожелению не закончил есть много причин.Можно говорить об СДУ много, многг чеготнужно добавить, что то убрать.Просто если любите учиться и стать профи своего дела до Welcome SDU , а если ищите халявы и диплом для корочки то тут увы и ах нет место такому. Да можно закончить SDU и получить диплом но горе с попалам.Если бы могли мы вернуться в прошлое я бы в СДУ поступал бы обдуманно!",26 ноября 2024,2,False,37,4. Преподаватели и качество образования; 22. Общий нейтральный отзыв,True
"нет слов, одни эмоции",25 ноября 2024,3,False,4,21. Общий негативный отзыв,True
"Оцениваю действия своего универа: оставил меня на ретейк. Мой золотой на 1.5 ляма в год универ, за что ты так со мной?",20 ноября 2024,3,False,7,4. Преподаватели и качество образования; 6. Стоимость и финансы,True
"В студ.отделе и эдвайзинг деск поменяйте сотрудников. Вечно недовольные, орут, что за отношение к студентам? Вы что бесплатно там работаете?!",13 ноября 2024,1,False,20,12. Администрация и студ. отдел,False
"Мына сабактары шаршатты абден, оте катты шаршадым тыпты, Алла сабыр бере кор🥰🥰🥰🥰🥰🥰🥰🥰",10 ноября 2024,3,False,4,4. Преподаватели и качество образования,True
Не очень........,7 ноября 2024,1,False,1,21. Общий негативный отзыв,False
"Все ужасно, если желаете своему ребенку счастья и здоровую менталку не советую подавать сюда документы, не давите на своих детей, дайте им возможность расправить свои крылья и выбрать свой путь, даже если они не определились это не значит что все потеряно, это лишь значит что ваш ребенок очень многогранный, у него сильное чувство ответственности и желание отплатить ВАМ, родителям, в любом случае научитесь разговаривать друг с другом и слЫшать, всем добра🤍",7 ноября 2024,1,False,10,21. Общий негативный отзыв,True
"Норм, подойдет",31 октября 2024,3,False,0,22. Общий нейтральный отзыв,False
as a graduate i’m saying no,24 октября 2024,1,False,11,19. Отзывы выпускников,True
Спасите от мидок и файналов,23 октября 2024,1,False,11,4. Преподаватели и качество образования,True
"Не правильно когда во время учебы только и пихают религию , именно в жаташке проходит такие sohbet Etish , даже книги дают проповедника СДУ именно она в этой теме. Если вы хотите только думать о религии это я вам абишки говорю , идите медресе и тама продолжать свою деятельность .",20 октября 2024,1,False,20,8. Религия; 17. Общежитие,True
Покушал донер полный почти только картошкой👌,18 октября 2024,2,False,8,2. Еда и столовая,False
Нету магазинов где продают сигареты,16 октября 2024,1,False,19,14. Инфраструктура и кампус,True
да нет да нет,12 октября 2024,1,False,2,15. Нерелевантный / пустой отзыв,True
Хороший универ,8 октября 2024,3,False,0,23. Общий позитивный отзыв,True
"Сду жаляп, шарага, друг учится.
Айту лучше",8 октября 2024,1,False,8,21. Общий негативный отзыв,False
Место обитания фантастических тваrей🥱,8 октября 2024,1,False,9,15. Нерелевантный / пустой отзыв,True
"Цитирую слова сестры ""С чего начать, университет явно не «топ», как многие говорят. Слишком много людей, всегда толпа. Мало кабинетов, нет стульев, приходится с других искать или вообще стоять. В уборных нет бумаги совсем, и hand dryer вечно сломан. В ред кантине цены завышены капец и совсем не вкусные. Мест нет совсем кста, негде посидеть между парами. Многие учителя не имеют соответствующий уровень английского и из-за этого не можешь понять что они говорят. В общяге туалеты дырявые, полный треш просто. В комнатах и в целом в коридоре очень редко убираются, даже если убираются, то очень плохо. В комнатах видел тараканов. Кухня просто жесть. Холоднильники для напитков стоять, ничего не помешаются. Вай-фай не работает всегда, очень лагает и плохо ловит, и не заходит на множество сайтов. Не советую поступать сюда.""",7 октября 2024,2,True,13,14. Инфраструктура и кампус; 4. Преподаватели и качество образования; 17. Общежитие; 5. Портал и IT-системы,False
Тут учится Сабыржан,6 октября 2024,1,False,0,15. Нерелевантный / пустой отзыв,False
"Религиозный университет feto , уних хорошо развита тема Абла, Аби турецкая система , бывалые поймут. Еще такая система у абишек такой принцип на девушек не смотреть только думать о учебе . Половина абишек зженатые 🤣",4 октября 2024,1,True,11,8. Религия,False
Вы кроме ноунейм каз артистов и айдахара знаете кого то? Одни и те же песни постоянно играют уже надоело. В других униках нормальные молодежные песни включают. Уже пожалела что поступила,22 сентября 2024,1,False,12,11. Атмосфера и студенческая жизнь,False
"В последнее время студентов только больше и больше, из-за чего расписания идут под откос, обучение хорошое, но самая большая травма в моей жизни это - портал. Я уже потеряла надежды что её вообще починят",11 сентября 2024,3,False,18,5. Портал и IT-системы; 14. Инфраструктура и кампус,False
"вы сделали большую ошибку, поступив сюда))",4 сентября 2024,1,False,17,21. Общий негативный отзыв,True
Билим сапасы оте нашар,30 августа 2024,1,False,5,4. Преподаватели и качество образования,True
"1.Расположение 1/10, Каскелен(воняет постоянно,пыльный)
2.Цена в общежитии 1/10 разве можно так ставить цену студентам? 900тысяч за 9 месяцев это п-ц дорого
3. Система 3/10. пихает свои английские курсы за 120тысяч. У человека должно быть выбор а не навязывание
4. Кроме громкого имени нет истории, нет яркого студенческого жизни как в КазНу, КазНПу, КазГаса, Нархоз",18 августа 2024,1,True,16,10. Транспорт и расположение; 17. Общежитие; 6. Стоимость и финансы; 11. Атмосфера и студенческая жизнь,True
"Студенческий отдел университета это полное безразличие на студентов. Пытаешь забрать диплом, звонишь, никто не поднимает трубку, неужели нельзя поставить больше людей и хотя бы нанять людей на колл-центр?!

Как обычно никому ничего не нужно, пытаешься решить проблему, посылают с одного человека на другого, так и ходишь в замкнутом кругу.

Пересмотрите весь кадровый отдел студенческого центра! Полный факап.",14 августа 2024,1,False,19,12. Администрация и студ. отдел; 18. Дипломы и документы; 20. Колл центр,False
"Вообще ненормально отвечают на вопросы студенты.
Можно было бы уважительнее относиться, есть те кто не знают о поступлении. Есть те кто впервые в семье впервые сдает ент, поступает",12 августа 2024,1,False,6,3. Поступление и приёмная комиссия; 12. Администрация и студ. отдел,False
Телефон өшірулі бір апта болды хабарласа алмай жүрмін. Магистратура сұрақтары бойынша,12 августа 2024,1,True,1,20. Колл центр,False
Центр сервиса студентов потерял мой школьный аттестат. Из-за их безответственности после выпуска я не получила все документы которые должна была получить,22 июля 2024,1,False,7,12. Администрация и студ. отдел; 18. Дипломы и документы,False
"Я выпускник этого университета,ставлю низкую оценку только из-за работы студ отдела . Считаю ужасным когда не можешь нормально забрать свой же диплом , и тебе предлагают оформить курьера даже если ты сам там стоишь и диплом лежит перед тобой . Соглашусь с предыдущими комментаторами, студ отдел-не знают свое дело и конфликтуют при первой же возможности. Искренне желаю чтобы мой любимый универ не становился таким токсичным, и набрал нормальных сотрудников в студ отдел .",20 июля 2024,1,False,17,19. Отзывы выпускников; 12. Администрация и студ. отдел; 18. Дипломы и документы,False
"Ужасный сервис, одни грубияны, не советую поступать. В студ отделе одни иди0ты работают",12 июля 2024,1,True,10,12. Администрация и студ. отдел,True
"Не советую сюда поступать, так как организация и работа студ отдела ужасная. Я даже не смогла нормально получить диплом, так как там допустили ошибку и даже не предупредили пораньше.",11 июля 2024,1,False,6,12. Администрация и студ. отдел; 18. Дипломы и документы; 19. Отзывы выпускников,False
Не смог поступить,4 июля 2024,1,False,15,3. Поступление и приёмная комиссия,False
"Не знаю сколько звезд мне поставить, ибо просто хочу поделиться своим опытом.

Университет очень хорошо оснащен всем необходимым. Здание завораживает красотой, сравниться пожалуй сможет только Назарбаев Университет.

Но мне лично очень тяжело было найти здесь единомышленников, друзей (по причине того, что традиционных групп как таковых нет, все студенты себе на уме). Я их так и не завел.

В первый год очень сильно навязывали религию (ислам) сами студенты. Временами это начинало пугать. Потом просто начал носить кулон с пентаграммой и все отстали.

Действительно квалифированных преподавателей, знающих своё дело, к сожалению, очень-очень мало. Дайте дорогу молодым преподавателям, ибо почти все преподаватели, которым чуть больше 30 ужасные снобы, не знающие свой предмет. Слизывают все со своих презентаций и бумажек. И к тому же не знающих английский язык на должном уровне.

Еще минус, что университет находится настолько далеко от города. Мне осталось примерно 2-3 семестра и я мог бы в принципе перевестись в любой другой университет, но к сожалению я весы и мне важна красота. А красоты у СДУ не отнять)",1 июля 2024,3,False,17,8. Религия; 4. Преподаватели и качество образования; 10. Транспорт и расположение; 19. Отзывы выпускников,False
"Пипец далеко,вечно пробки(если ехать в сторону Алматы,то там будет такая зона,где воняет скотиной,будете пахнуть соответственно) , если на такси то оно старое,попутка также старая, автобус забит каскеленскими(к тому же не дают карту онай студенческий,якобы университет не Алматинский да и не каскеленский…)…сеть в некоторых местах плохо работает,горячая еда есть лишь в определенное время,фастфуд который доступен всегда-с очень низкой санитарией.Расписание которое ты якобы сам составляешь, на самом деле тебе составляют и ты выбираешь из 2-3 вариантов у которых окно может быть 5-6 часов либо можешь поехать в университет лишь из-за одного урока…,кампус рассчитан на 5000 студентов.,там уже 8000+….куртку Calvin Klein своровали так как между блоками в гардеробной нет камер…Туалеты мужские воняют(не везде и не всегда,обычно так)…нету писсуаров., цены на общагу повышают каждый год,предпочтительно дают в аренду 1-2 курсу.В общем поступайте,после таких испытании и горы свернуть нипочем.",17 мая 2024,3,False,15,10. Транспорт и расположение; 17. Общежитие; 6. Стоимость и финансы; 5. Портал и IT-системы; 1. Охрана и пропускной режим,True
"Проще пешком с Астаны до Каскелена дойти, чем дозвониться до них))",26 апреля 2024,1,True,25,20. Колл центр,True
Грустно и сердито,23 апреля 2024,1,False,12,21. Общий негативный отзыв,True
Обратная связь хромает очень. Такое ощущение что по любому вопросу надо ехать лично.,18 апреля 2024,1,True,11,12. Администрация и студ. отдел; 20. Колл центр,False
"По каким критериям вы выбираете учителей мужчин? Что физруки, что учителя по main урокам не уважают женский пол, смотрят с высока и грубят. Если такими темпами таки будет продолжаться, то сразу же обращусь в ректорат. Почему по языкам лишь преподает один учитель? Все так хвалят , но нормальных учителей тут почти нет. Ни выбора нет, ни высказаться нельзя. Позор вам.",12 апреля 2024,1,False,32,4. Преподаватели и качество образования; 13. Дискриминация и этика,False
Хвала Аллаху что есть такой святой университет такой чистый университет такой великий,29 марта 2024,3,False,5,8. Религия; 23. Общий позитивный отзыв,False
"Оразайға бергер жауабыңыз өте күлкілі. Университет саяси көзқарас қалыптастыратын орын. Университет қашанда саяси көзқарас білдіретін орын. Университет еркін мекеме болуы тиіс. Авторитар биліктен қорқып, студенттерді басу нағыз ақымақтық. Нәтижесінде СДУ түлектері ынжық, биліктен қорқатын және университетіне Тоқаев келгеніне мәз болатын адамға айналады.

СДУ әкімшілігі өтініш, дұрыс маркетолог, дұрыс кризис менеджер алыңыздаршы.",12 марта 2024,3,False,28,12. Администрация и студ. отдел; 13. Дискриминация и этика,False
"Студенттерді қолдау қажет!

СДУ ды үнемі құрметтейтінмін, ұстаздары неткен керемет етін, бостандық және демократиялы, зайырлы, әлеуметтік идеяларды үйрететін. Сайлау кезінде де ешқандай кемсітпейтін, бір жаққа баруды мәжбүрлеп, тәуелсіз университет деген ойда болғанмын.

Бірақ мынау әйелдер шеруін қолдамағаныз тым ұят нәрсе, себебі бұш бейбіт акция университетке немесе мемлекетке ешқандай қиянат көрсетпейтіг еді, тек студенттердін ұйымдасуына, саясатты, қоғамдағы мәселелерді түсінуге көмектесетін еді.",10 марта 2024,1,False,16,9. Феминизм; 13. Дискриминация и этика,True
"Мы надеялись что безопасная площадка где мы можем высказать свое мнение, где хотим быть услышанными это хотя бы будет университет где мы учимся, где учится прогрессивная молодежь. Я очень люблю свой университет, но такими вот поступками университет показывает свое истинное мнение по отношению дискриминации женщин. Причина по которой вы отказали в марше ужасно не уместная, почему акимат должен решать что у нас происходит внутри университета, я удивляюсь какую реакцию вы ждали от акимата который элементарно не может обеспечить нас средством передвижения, и появился он только в прошлом году, хотя университет наш открылся 1996 году. Унизительно срывать листовки, при этом разрешать проводить мероприятия которые в корне не соответсвуют истории этого праздника, ведь 8 марта это не про подарки и цветы, это день борьбы с дискриминацией женщин по всему миру. Этот ваш поступок ещё раз доказывает что права женщин на самом деле ущемляются и вышестоящие должности в том числе и государство закрывают на это глаза. Милые дамы, будьте смелыми, вы не одни!",9 марта 2024,1,True,36,9. Феминизм; 13. Дискриминация и этика,True
"Тик токтан келип, еринбей барин окып лайк басып шыктым!
Мен студенттерди колдаймын! Әр қыз баласвның құқығы қорғалсын! Бізге қауіпсіздіқ қажет! Біз қорқынышта өмір сүргіміз келмейді!!!",9 марта 2024,1,True,59,9. Феминизм,False
"Никакого «слабый пол», «украшение мира». 8 марта нужен чтобы напомнить человечеству о величии женщины, о том как наши бабушки боролись за те же права, не смотря на попытки их принизить, опустить, и обокрасть. И мы продолжим их путь, либо с маршем, либо без него.
Алып анадан туады, давайте же всегда это помнить.",8 марта 2024,1,True,27,9. Феминизм,False
"университетті бітіргеніме биыл екі жыл толады. әрдайым мақтан тұтамын. бірақ әйелдер маршын өткізуге мардымсыз себеп айтып, рұқсат бермеген басшылыққа сұрағым көп.

дәл осы жерден, апай-ағайларымнан қазір өзімде бар құндылықтарды үйрендім. енді университет әкімшілігінің дәл сол құндылықтарды көрсетер тұста кері әрекет етіп жатқаны қынжылтады.

аламни болғасын, поштама құттықтау хат келді. бірақ оның еш құны жоқ. тек студент қыздардың өз үнін естіртуге кедергі келтірмеңіздер.

бұл күн әйелдерге тек гүл беретін күн емес. әйел құқығын талап ететін күн. университет қабырғасында жыл сайын әйелдер маршы өтсін.",8 марта 2024,1,True,21,9. Феминизм; 19. Отзывы выпускников,False
Әйел бақыты = теңдік !!!,8 марта 2024,3,True,18,9. Феминизм,False
где поддержка университета?(,8 марта 2024,1,True,29,9. Феминизм,True
"СДУ – ол sdulife, проректор, ректор емес, СДУ – ол студенттер. Сол себепті универдегі әр студенттің үні маңызды деп санаймыз. 7 наурыз универ аумағында әйелдер шеруін өткізгіміз келген біздің де үніміз маңызды.",8 марта 2024,1,True,22,9. Феминизм,True
"“мы хотим чтобы о наших правах говорили не только сегодня, но и каждый день”.

лучший подарок на 8 марта был бы женский марш, но и этого нам не дали…",8 марта 2024,3,True,22,9. Феминизм,False
Почему митинг в честь 8 марта запретили? В чем ваша проблема?,8 марта 2024,1,True,25,9. Феминизм; 12. Администрация и студ. отдел,False
"Әйел-құқығы,адам-құқығы!Барша әйел заты қауіпсіздікке құқылы!",8 марта 2024,2,True,41,9. Феминизм,True
"8 марта — день солидарности женщин в борьбе за женские права и эмансипацию. в этот день мы должны говорить о достижениях женщин, о проблемах женщин о наших правах. университет ограничивает и не дает говорить об этом! я требую, чтобы каждая женщина имела право быть свободной во всем❤️",8 марта 2024,1,True,20,9. Феминизм,False
елдің көркі – әйелдің заңмен қорғалғаны⚡️,8 марта 2024,3,True,21,9. Феминизм,True
"Каждая женщина заслуживает получение образования, на той специальности, на которой хочет. Нет гендерной дискриминации",8 марта 2024,1,True,42,9. Феминизм; 13. Дискриминация и этика,True
Әйел адам өз міндеті мен мақсатын өзі таңдайды❤️,8 марта 2024,1,True,42,9. Феминизм,True
8 наурыз нәзік жандылар күні емес! Әйел құқығы күні!,8 марта 2024,2,True,19,9. Феминизм,False
бес жұлдыз қоятын едім егер де университет әйелдер шеруін өткізуге рұқсатын бергенде😉,8 марта 2024,1,True,22,9. Феминизм,False
"Администрация университета не дала девушкам высказаться о проблемах в обществе, тем самым показала свое безразличие по отношению к нам. Я хочу что бы в университете все девушки чувствовали себя безопасно!!!
8 марта не день женственности, а день за права женщин в Казахстане!!!",8 марта 2024,1,False,27,9. Феминизм; 12. Администрация и студ. отдел,False
"Әйелдер “ана, әпке, қарындас, қазақтың қызы” болғаны үшін емес, адам болғаны үшін құқығы тең болу керек⚡️",8 марта 2024,1,True,42,9. Феминизм,True
"Университет студенттердің базалық құқықтарын шектемеу қажет. 7 наурыз күні рұқсат етілмеген марш университеттің әйелдер қауіпсіздігіне де, студенттер жағдайы мен азаматтық белсенділігіне де бәрібір қарайды деген сөз.",8 марта 2024,1,True,35,9. Феминизм; 12. Администрация и студ. отдел,True
"protect your daughter ❌
educate your son✅
Әйелі қорланған елдің ертеңі жоқ.",8 марта 2024,1,True,55,9. Феминизм,True
"оқу орнымыздың әйелдер үшін қауіпсіз болғанын қалаймыз!
теңдікті қалыптастыру өзімізден,ортадан,осындай кішкентай қадамдардан басталады.",8 марта 2024,1,True,36,9. Феминизм,True
"7 наурыз универ әкімшілігі әйелдер шеруін өткізуге рұқсат бермегесін, өз үнімізді онлайн жеткізуді жөн көрдік. 8 наурыз «гүл сыйлайтын», «нәзікжандылар» күні емес, әйел құқығын талап етіп, өз ортамыздағы теңсіздікті жоюға қадам жасайтын кезекті күндердің бірі. әйелдер үні шексіз🫂⚡️

Әйелді «ана», «әпке», «қарындас» болғаны үшін емес, адам, жеке тұлға болғаны үшін құрметте.

Универ бізді Ол-жас харассерлерден, әйел студенттерден ер студенттерді артық көріп, дискриминация тудыратын оқытушылардан қорға!",8 марта 2024,1,True,22,9. Феминизм; 12. Администрация и студ. отдел,True
Университетіміздің әйелдерге қауіпсіз болғанын қалаймыз.,8 марта 2024,1,True,36,9. Феминизм,True
"Результаты первого тура обещали выложить в 18:00, целый день ждал в стрессе. Выходит сторис с результатом а там ссылка на перенос времени. Что это такое? Почему нельзя нормально сообщить перенос времени? Зачем делать фейковую ссылку и обманывать всех сдающих? Ни извинения, ни предупреждения. Ужас какой то. Вы в 13:00 еще одну ссылку с переносом на след год сделаете?",27 февраля 2024,1,True,3,3. Поступление и приёмная комиссия,False
"Я ученик 11 класса, сдаю SPT. Результаты первого теста обещали опубликовать 26.02 в 18:00, после в это время опубликовали сторис в котором была ссылка ведущая на страницу с надписью что результаты выйдут уже 13:00 27.02. Встал вопрос, зачем делать кликбейт вместо того чтобы нормально сообщить что объявление результатов переносится, еще и ставить этот издевательский смайлик в конце сообщения, дескать мы тебя обманули (нельзя пользоваться нецензурными словами), соси. Если я поступлю в этот университет, отношение такое же будет?",26 февраля 2024,1,True,5,3. Поступление и приёмная комиссия,True
СДУ универ ретінде көптеген минустары бар: 1 портал(адд дроп кезінде неге басқа универ таңдамадым деп ойлайсың) 2 орналасқан жері (көбіне қолайлы емес) 3 коннект (жауап алу өте қиын),5 февраля 2024,1,True,4,5. Портал и IT-системы; 10. Транспорт и расположение; 20. Колл центр,False
"Ребята если вы поступаете после колледжа на родственную специальность, подумайте трижды прежде чем поступать сюда. Если вы думаете, то что поступив на родственную специальность у вас обучение продлится 3 года, то я вас огорчу, обучение может продлится 4 или даже 5 лет. Почему? Да, потому что здесь нету ТиПо, альтернатива: закрытие предметов которые вы прошли в колледже. Но тут есть загвоздка, закрытие предметов которые совпадают с ихней программой и с ихними часами предметов.
В среднем 60 кредитов = 1 год, 5 кредитов = 1 предмет, чтобы закончить универ вам надо закрыть 240, за семестр в среднем темпе студенты закрывают 30. Поскольку вы поступили на родственную специальность, вам должны закрыть минимум 60, чтобы вы окончили за 3 года, но 60 вам закроют в идеальном случае, если будет максимальное совпадение предметов, а так вам могут закрыть и 13. Допустим, вам закрыли 60, даже в таком случае вы можете не закончить за 3 года, так как вам закроют все легкие предметы. Для тех кто закончил школу эти предметы чередуются с сложными предметами, например 4 сложных и 2 легких. И вам теперь придется брать 6 сложных предметов, чтобы не отстать от среднего темпа. что повышает шанс остаться на летник или на следующий год. А теперь представьте, вам закрыли не 60, а 13.
А так же может случится так что вы изучите предмет который вам на самом деле закрыли, и вы тупо теряете время и деньги.
Минимально можно брать 20 кредитов, максимально 43. Да, вы можете взять по максимуму 43 и закончить за 2 или 3 года, если конечно вы вундеркинд, в ином случае опять же повышается шанс летника.
Если вы планируете учиться платно, и вам не жалко своих денег, нервов и 4 или 5 лет обучения вам не проблема, то добро пожаловать, универ очень даже неплохой.
Если вы планируете поступать через сокращенный грант ЕНТ ТиПо, то знайте грант дается на 3 года, если вы не успеете за 3 года закрыть все кредиты(предметы), оставшиеся кредиты на 4 году будут платными.
Это еще только вверх айсберга...",4 февраля 2024,3,True,19,3. Поступление и приёмная комиссия; 6. Стоимость и финансы,False
"Ужасный сайт который не грузится вообще чтобы выбрать предметы, вроде б славится айтишниками, но портал универа позорище ! 👎👎",11 января 2024,1,False,17,5. Портал и IT-системы,False
Нет слов одни эмоции,27 ноября 2023,1,False,4,21. Общий негативный отзыв,True
Проблемы с гардеробом никогда не заканчиваются🙌,18 ноября 2023,1,False,4,1. Охрана и пропускной режим; 14. Инфраструктура и кампус,False
Система безопасности 0.Вечные проблемы с гардеробом. Администрация несет ответственность за вещи студентов- помните об этом! Но видимо в Сду другие правила.Тате в гардеробе очень добрая(помогает).,17 ноября 2023,1,False,8,1. Охрана и пропускной режим; 14. Инфраструктура и кампус,True
"Кураторы не очень, преподаватели принципиальные",4 октября 2023,1,False,2,4. Преподаватели и качество образования,False
"Работники, преподаватели и т.д необразованные мамбеты. Видимо родители не объясняли им значение слова субординации.",29 сентября 2023,1,False,14,4. Преподаватели и качество образования; 12. Администрация и студ. отдел,False
"Нехватка преподавателей и специалистов, плевательское отношение к работе у преподавателей, хорошие учителя ушли в другие университеты и учебные заведения… Поднятие цены за обучение на 120% это ужас. Откуда у студентов могут быть такие деньги…",17 августа 2023,1,False,33,4. Преподаватели и качество образования; 6. Стоимость и финансы,True
Кажись у вас сайт упал...,23 июля 2023,3,False,6,5. Портал и IT-системы,False
"Пришли на консультацию сюда, хотели поступить. Нет скидки для платников ни по какой социальной части. Охранник грубиян, личную вещь отдать ему просил, на ровном месте докопался. Персонал на охрану выбрали ужасный.",11 июля 2023,1,False,13,1. Охрана и пропускной режим; 3. Поступление и приёмная комиссия; 6. Стоимость и финансы,False
Отвратительная охранная система!,5 июля 2023,1,False,18,1. Охрана и пропускной режим,False
"Дайте студентам шанс нормально получить дипломы, че вы так😏 еще собрали 40к с каждого, где справедливость",29 июня 2023,1,False,46,18. Дипломы и документы; 6. Стоимость и финансы,False
"На грант поступать сюда не стоит, особенно инженерный факультет, здесь нет управы на преподавателей, нет правды, у них одна цель оставить всех на летний семестр, это доп заработок. Ничего не объясняют, пообщаться с преподавателями тоже никак нельзя. Мало того, что некоторые преподаватели оскорбляют студентов. Очень много студентов грантистов за свои знания поступают сюда, есть малообеспеченные, им здесь никак не закончить, тк надо постоянно платить за летний семестр, за пересдачу и это не малые деньги! Очень разочарованы, а так радовались, когда сюда поступили.",26 июня 2023,1,False,38,4. Преподаватели и качество образования; 6. Стоимость и финансы,True
"Операторы максимально некомпетентные, целых два часа пыталась дозвониться. Сначала ответила девушка, обещала присоединить с нужным мне факультетом и угадайте что? Правильно, мало того, что ни с кем так и не соединили, так еще и сбрасывают звонки после. Наймите нормальных адекватных людей в операторы, а не этих позеров.",12 мая 2023,1,False,6,20. Колл центр,True
"Всем тем кто хочет сюда поступить в инженерный факультет а в частности в математику не советую. Есть много причин почему так. Тезисно:
1. Преподаватели которые не умеют преподавать и преподаватели которым не интересно преподавать.
2. Нету выбора преподавателя.
3. Им все равно понимаете ли вы материал или нет. Они как машины прочитают вам лекцию и уйдут.
4. Вообще очень много преподователей которые считают себя небожителями. Относятся надменно к студентам.
5. Не понятные правила и ограничения самого универа. Если вы будете находится в затруднительно положении вам никто не поможет.
Так что чем поступать сюда и тратить деньги и время лучше заняться self study. Силлабус по каждым предметам можете найти в гугле. Лекции тоже там доступны.
Иногда попадаются хорошие преподаватели в соотношение 1 к 4. Так как каждый семестр вам будет преподавать 4 профильных предмета. Стоит ли учёба своих денег я считаю нет. Насчёт других специальностей ничего сказать не могу.",30 апреля 2023,1,False,57,4. Преподаватели и качество образования,True
"Университет находится не в самом лучшем месте. До Алматы с пробками 2-4 часа. Проживание здесь, все равно что жить в центре города Алматы. Поступая сюда, вам придется смириться с потерей многих денег и сил. В IT здесь учат по старым и неактуальным знаниям. К тому же сервис ужасный. Подумайте прежде чем поступать сюда. Знании толковых не дают, и ты тупо тратишь 4 года в СДУ. Универ не главная роль в жизни. Все зависит от вас. Лучше окончить какую нибудь шарагу в центре города и саморазвиваться, так больше будет толку. В общем, СДУ оцениваю 4/10. Не советую.

Редактировано: отмечу что нетворкинг самый важный навык в жизни, как раз в СДУ этот навык вы и будете развивать. В шараге очень насыщенная студенческая жизнь. Но все же знании ждать не стоит))",30 марта 2023,2,False,77,10. Транспорт и расположение; 4. Преподаватели и качество образования,True
"Не университет а как будто бизнес центр, общежитие дорогой.",25 декабря 2022,3,False,13,17. Общежитие; 6. Стоимость и финансы,True
"Чтобы приняли необходимо иметь свой ноутбук с собой, большего бреда не слышала ни в каком университете, по словам работника из студенческого отдела ,, телефон гонит,, разве так можно разговаривать с абитуриентом находясь на рабочем месте, ужас",25 декабря 2022,1,False,12,3. Поступление и приёмная комиссия; 12. Администрация и студ. отдел,False
Когда будет нормальный wifi или хотя бы сеть нормальная?,16 ноября 2022,1,False,34,14. Инфраструктура и кампус,False
"Здравствуйте, у меня ещё просьба как опекуна вашего студента добавить в меню столовой диетическое питание. У моей сестренки язвенный гастрит и ей нужно соблюдать диету. Есть подтверждающее назначение от врача. Я думаю оно должно там быть, потому-что у многих людей сейчас есть в этом потребность.",29 августа 2022,3,False,20,2. Еда и столовая,False
"Все кто работают, а особенно руководство - ублюдошные сволочи! Горите в аду! Ужасный колхозный университет, который пытается казаться лучше чем не самом деле! На работу берут только своих по связям, а обычных людей не берут!",28 апреля 2022,1,True,31,12. Администрация и студ. отдел; 21. Общий негативный отзыв,False
Student Service Center ужасно работает. До них не дозвонишься! Столько ошибок в работе делают !!!,29 марта 2022,1,True,15,12. Администрация и студ. отдел; 20. Колл центр,False
"как шарага-марага-малага норм, но почему это называется вузом сказать невозможно",5 марта 2020,1,False,1,21. Общий негативный отзыв,False
"как шарага норм, но почему это называется вузом сказать невозможно",5 марта 2020,1,False,1,21. Общий негативный отзыв,False
Сестрамнын телефонын урлап кетти,28 февраля 2026,1,False,0,1. Охрана и пропускной режим,True
Онкей быртурлылер оқит,8 декабря 2025,1,False,0,15. Нерелевантный / пустой отзыв,False
Киімім мусорға кетті,25 мая 2025,2,False,1,1. Охрана и пропускной режим,True
"Отырғыштары сынып жатыр, отыратын дұрыс үстел жоқ",29 ноября 2024,3,False,0,14. Инфраструктура и кампус,True
Ммммммммм🤷🏼‍♀️,24 ноября 2024,3,False,0,15. Нерелевантный / пустой отзыв,False
физруки грубые,4 ноября 2024,3,False,9,4. Преподаватели и качество образования,True
"Не понятно зачем построили это здание. Много какие кабинеты свободные стоят, спортзал, как будто бы, является единственной причиной существования этого здания.",25 октября 2024,1,False,7,14. Инфраструктура и кампус,True
"Стукачей много будьте аккуратнее , если вы денег предлагаете кому то , тут же вызывают 102",14 ноября 2025,1,False,0,11. Атмосфера и студенческая жизнь,False
welcome party обещали в 18:00 а сейчас уже почти 19:00 все еще не может,12 октября 2025,2,False,0,11. Атмосфера и студенческая жизнь,True
"Eshekbaskyi univer nahyui вы все деньги тратите , лучше работать . В этой жизни себя не потерять , опытов набирать , учиться у кого то , бесплатно конечно . Здесь хозяин только свой карман думает . Как бы все заработать на студентов",25 сентября 2025,2,False,3,6. Стоимость и финансы; 21. Общий негативный отзыв,True
Самый худший университет ей богу меняют все каждый год!Начиная от цены которая растет каждый год заканчивая временем нормальные университеты работают с 9 в крайнем случае от 8:30 а тут как им захочется сначала с 8 потом с 7:30 ставят уроки при том что это в каскелене!!! Маршрутки уже даже не ездят сюда которые с каскелена работают еще и вся главная система лишь до 17:30 когда уроки могут длиться и до 8!!!Нормально работайте пока университет не закроется что за беспредел,12 сентября 2025,1,False,3,6. Стоимость и финансы; 10. Транспорт и расположение; 12. Администрация и студ. отдел,False
"Университет отличный, кампус для девочек и мальчиков отдельно все по современному все хорошо. Столовая большая светлая Однако есть одно но, однако есть одно но, посуда пластика недозволительно для питания и подносы не обрабатываются с запахом, готовят ужасно. Ректору и проректору по хозчасти провести контрольный закуп и чем о и как кормят студентов. За четыре года студенты заработают болезнь желудка. Оценка университету «10» из десяти, столовая минус три.",6 сентября 2025,2,False,4,2. Еда и столовая; 14. Инфраструктура и кампус; 23. Общий позитивный отзыв,False
портал жондендерш зб,20 августа 2025,1,False,4,5. Портал и IT-системы,True
"Отвратительный университет. Все кто хочет поступать сюда не советую. Он давно скатился и больше явно не входит даже в 20 университетов в КЗ. Каждый год столько проблем с ним. Никому не советую тут учиться. А те кто учатся соболезную. Просишь справку дать, они игнорируют. Что то спрашиваешь, игнорируют. Пишешь своему факультету опять игнорируют. Написал зам декану Дархану, он молчит не отвечает. Студенческий отдел что должен помогать молчат и не помогают. Даже ректорский офис молчит. Только и получаю что игнор со стороны всего университета. Бесполезный университет.",1 августа 2025,1,False,16,12. Администрация и студ. отдел; 20. Колл центр,False
"Ужасная внутренняя политика университета, почему нельзя было выдать диплом вместе с внутренностью?
По факту это была ваша ошибка, что вы не успели распечатать содержание диплома. Почему мы должны В РАБОЧЕЕ время приходить в универ за доп к диплому? Почему делаете так как удобно только вам??
Почему вы не учитываете, что многие выпускники уже работают?

создаете проблемы просто на ровном месте 💆🏻‍♀️💆🏻‍♀️

Столько миллионов заплатили за 4 года обучения и не можем нормально получить диплом",1 августа 2025,1,False,10,18. Дипломы и документы; 12. Администрация и студ. отдел,False
"Уважаемое руководство университета!

Выражаем глубокое недоумение по поводу организации процесса вручения дипломов выпускникам. Торжественная церемония, прошедшая 3 июля, сопровождалась выдачей только сертификатов, в то время как сами дипломы были доступны лишь по предварительной записи и фактически начали выдаваться студентам спустя 25 дней — 28 июля. Это неприемлемо!

Выпускники сталкиваются с реальными жизненными трудностями: многие стремятся устроиться на работу сразу после окончания учебного заведения, особенно в престижные организации, где важен каждый день. Однако отсутствие документа об образовании становится преградой, и кандидаты теряют конкурентные возможности. В некоторых случаях — вакансия занята другим, потому что выпускник вовремя не смог предоставить диплом.

Особое недоумение вызывает тот факт, что списки выпускников известны заранее — после итоговой аттестации и защиты выпускных квалификационных работ. Почему нельзя было организовать полноценную выдачу дипломов в день вручения? Это нарушает логику самого мероприятия и подрывает доверие к системе.

Кроме того, при такой организации процесса странно ожидать от выпускников быстрого трудоустройства, если сам университет затрудняет им этот процесс на старте.

Просим обратить внимание на неэффективность работы студенческих и административных отделов, ответственных за оформление и выдачу дипломов, и принять меры для недопущения подобных ситуаций в будущем!",29 июля 2025,1,False,11,18. Дипломы и документы; 12. Администрация и студ. отдел; 19. Отзывы выпускников,False
.,18 июля 2025,2,False,0,15. Нерелевантный / пустой отзыв,True
"Қайырлы күн.!

Байқауымша, СДУ университеті жұмысқа қабылдау кезінде көбінесе өз түлектеріне басымдық береді. Бұл кейде үміткердің тәжірибесі мен қабілетіне емес, оқу ордасына қарай шешіліп жатқандай әсер қалдырады. Өкінішті.",1 июля 2025,1,False,3,7. Трудоустройство и карьера; 13. Дискриминация и этика,False
"Половина сдушник безработный , и зачем нам универ если на работу образование даже не нужно , только опыт требуют и все , зачем эти нам статусы перед родственниками",26 мая 2025,1,False,7,7. Трудоустройство и карьера,True
"Есть тама пару преподавателей из юрфака , Жасулан Ахметов чекнутый человек , алмас Агай мы из за них не можем на работу устроиться , по причине того что они не показывают какая работа ждет , практики нет . Просто проводят лекции и все. Куда теперь с этой профессии устроится",18 мая 2025,1,False,3,4. Преподаватели и качество образования; 7. Трудоустройство и карьера; Упоминание имен учителей,False
"Зб уже эти намазханы, ходят ко всем предлагают читать намаз , задолбали честно это же не медресе а университет",8 мая 2025,1,False,21,8. Религия,True
"Тут учителям , ректорам пофиг на тебя , главное им в карманы деньги капают и все , уних на душе нет человечности на тебя на срaть, раньше был препод щас в Германии работает Жасулан Ахметов он такой человек просто кореалмайтын",24 апреля 2025,1,False,12,4. Преподаватели и качество образования; Упоминание имен учителей,True
"Есть некоторые учителя, которые тас журекпен. Им объясняешь, доказываешь, тратишь нервы и силы , чтобы хоть как-то подготовиться к квизу/мидке, а потом происходит ожидание - реальность. Это учитывая, что в первом семестре был другой учитель , который нам не объяснял предмет, и мы проходили все сами на первом курсе, а во втором курсе учитель , который требует много чего и грубо говоря, начехать как мы учились в первом. И ты все равно стараешься и соответствуешь этим требованиям.Сонда СДУ все равно как студенты занимаются? «Сыйластык Достык университет»? Одно название, а заведение не соответствует. Нет учителей , которые имеют мягкое сердце, человечность, и понимание. Возможно по знаниям соответствует, но и эти знания мы ищем и пытаемся понять сами. Но есть исключения, хорошие педагоги, но их меньше 1%. После этого пропадает желания как либо вообще учиться. Если вы полны мотивации учиться, то тут вас ждет разочарование и все эти желания и стремление пропадет.",28 февраля 2025,1,False,21,4. Преподаватели и качество образования,True
Me bomboclaaat,5 февраля 2025,3,False,2,15. Нерелевантный / пустой отзыв,True
Ең нашар универ,9 января 2025,1,True,6,21. Общий негативный отзыв,False
"Вчера и сегодня проходят детские городские соревнования по робототехнике. Много команд, у каждой большое количество инвентаря, который немало весит. Но охрана не пропускает транспорт, который привезли детей на территорию для разгрузки и высадки детей. В итоге огромная парковка свободна, а трасса забита припаркованными автомобилями. Пришлось высаживать детей на небезопасной трассе и сузить итого двухполосную трассу до одной полосы.
Ни в одном туалете нет туалетной бумаги",9 января 2025,3,False,6,1. Охрана и пропускной режим; 14. Инфраструктура и кампус,False
"Осы бала 7-8 жыл каксап жур, айтатыны Америка Мексика Тихуана ,",21 декабря 2024,1,False,1,15. Нерелевантный / пустой отзыв,False
"4 ГОДА.4 года хожу в этот универ, и именно на 4-ом году меня не впускают в мой универ при отсутствии айдишки. Мне в 8 утра в мои 20 лет нефиг делать что ли что бы в Каскелен переться?",2 декабря 2024,1,True,13,1. Охрана и пропускной режим,False
"Из за того что холл не поделен на зоны всегда стоит фоновый шум. Неприятно сидеть, было бы отлично если поделите стеклянными стенами все,Буфеты, коворкинги и зоны для занятия поделить",2 декабря 2024,3,False,2,14. Инфраструктура и кампус,False
"На посвещение нас заставили стоять под дождем, так еще и построили очередь длиною в весь универ. Пока людей туда запустили они уже все обмокшие до ниточек. Когда уже собрались, нас заставили убрать зонтики, мол, не видно людям. Почему мы должны стоять под дождем и жертвовать своим здоровьем ради мероприятия, которое даже организовать нормально не смогли. Я думаю можно было заранее посмотреть погоду и выбрать день без дождя? И мы не услышали никаких извинений на этот счет. Так еще и они выбрали время когда начинаются все рубежки. Я уже устала сравнивать сду с другими универами потому что, как не смотри он им почти во всем проигрывает, и я окончательно пожалело о поступлении сюда. Никому не посоветую сюда поступить.
Это уже не говоря о других проблемах как транспорт. Мало того что нам онайку не выдают, тут только один автобус, который едет сюда. Если это ваш уровень способности думать о своих студентах, то лучше бы вообще не переезжали в каскелен и оставили старый корпус что в городе. Потому что тут от слова совсем никаких условий не предоставлено.",12 октября 2024,1,True,16,11. Атмосфера и студенческая жизнь; 10. Транспорт и расположение,False
Плохое отношение со стороны как преподавателей так и администрации к ученикам. В общежитиях буквально пропаганда религии и скажем так подобие дедовщины. Не сказал бы что в университете особо хорошие преподаватели или знания. Полезные знакомства здесь вы так же не заведете.,5 октября 2024,1,False,16,4. Преподаватели и качество образования; 12. Администрация и студ. отдел; 17. Общежитие; 8. Религия,True
"Некомпетентные работники, отношение к студентам ниже плинтуса. Получишь ли ты какие-то знания ? Нет.",2 июля 2024,1,False,24,4. Преподаватели и качество образования; 12. Администрация и студ. отдел,True
"бостандық керек әр бір қазақ қызына,
сен емес оның құқығын таптап басуға!!!!",9 марта 2024,1,False,16,9. Феминизм,False
"Әлемдегі тыныштық формуласы:
Әйел теңдігі + тұрмыстық зорлық-зомбылыққа қарсы әрекет жасау
Әр әйел қауіпсіз ортада өмір сүруге құқылы,әлемде теңдік қалыптастырайық⚡️",9 марта 2024,1,False,12,9. Феминизм,True
"Универ как будто маркетингті ортаға айналған секілді, ент-ға шекті баллдар жоғары, алайда ауыз толтырып айтатын жақсы мұғалімдер саусақпен санарлық, өте аз! Студентке қойылатын талап көп, бірақ мұғалімдер қатырып сабақ береді деп айта алмаймын! Іс-шаралар тек бір бағытта, қызықсыз. Концерттер, байқаулар, қызықты іс шаралар аз болады. Универдегі кабинеттерді де жалға береді, адам көп, ент-да болады, душно так, расписаниедегі окнолар тоже желает лучше, мұғалімдерге әңгіме айта алмайсың, өзіміз білеміз, өздерің оқыңдар дейтіндер көөп. Бәрі душно🤗",8 марта 2024,1,False,20,4. Преподаватели и качество образования; 11. Атмосфера и студенческая жизнь,False
"My Mind
My Body
My Freedom
Әйел құқығы- Ел құқығы✨",8 марта 2024,1,False,21,9. Феминизм,False
"Хотелось бы отметить, что обслуживание в библиотеке оставляет желать лучшего. Сотрудники проявляют некомпетентность и не вежливо общаются со студентами. Имеется ощущение, что работница библиотеки не заинтересована в своей работе и демонстрирует недовольство. Было бы замечательно, если бы в коллективе появились достойные и вежливые сотрудники, готовые предоставить качественное обслуживание. Не только о библиотеке, но и в целом о работниках СДУ могу так сказать.",19 февраля 2024,1,False,15,12. Администрация и студ. отдел,False
"Всем привет ! Ни в коем случае не поступайте сюда , тут все красиво и хорошо лишь снаружи , по факту на вас положат огромный болт . Если вы будете обращаться к учителям , они будут лишь грамотно посылать вас на три буквы , никакого профессионализма , есть лишь единицы преподавателей , которых можно уважать . Но в основном берут тех , кто закончил этот универ . Которые не умеют и не хотят работать . Ведут себя неприемлемо , непрофессионально .",30 декабря 2023,1,True,21,4. Преподаватели и качество образования; 12. Администрация и студ. отдел,False
"Охрана на КПП прям боги что хотим то и делаем
Как говориться как встречают так и погостить можете. Кол центр левые телефоны начальника охраны дали. В общем сотрудники оставляют желать лучшего",18 октября 2023,1,True,7,1. Охрана и пропускной режим; 20. Колл центр,False
норм универ,11 октября 2023,2,False,8,22. Общий нейтральный отзыв,True
Когда поставите нормальный интернет???,29 сентября 2023,3,False,6,14. Инфраструктура и кампус,False
Worse universty ever seen in my whole life expensive like studiying in USA 450dollar for one retake hahaha nice,17 августа 2023,1,True,15,6. Стоимость и финансы,False
"Охранник ведет себя агрессивно. Написано до 18.00 открыто, приехали в 17.00 с двумя маленькими детьми, ехали мы почти 2 часа, чтобы посмотреть, задать несколько вопросов. На телефон не отвечают. Охранник не впускал, относился не профессионально. Обидно)",17 июля 2023,1,False,5,1. Охрана и пропускной режим,True
Бір түсейін десең осылай жамандап тастады ғой 😭,13 июля 2023,2,False,36,15. Нерелевантный / пустой отзыв,False
"Со автостоянкой для студентов вечные проблемы. Разрешают заезжать только один раз в день. А если занятия разбросаны по времени на весь день? Бывает так, что утром есть одна пара, а после обеда другая или даже назначают тесты на вечер. Причем после 16-00 в паркинг вообще не пропускают независимо от того, заезжал утром или нет. Приходится оставлять машину на трассе. Один раз уже стукнули машину и скрылись. Если так будет продолжаться, напишу отрицательный отзыв везде, где возможно.",23 апреля 2023,2,False,10,1. Охрана и пропускной режим,False
"Ужасно душно,в университете нечем дышать😶‍🌫️ Не знаю что будет в мае. Сейчас на улице всего 20градусов,а внутри универа все 30.
Вай-фай вообще не работает. Про портал вообще молчу. Вроде бы входит в топ лучших айти университетов,сделайте сайт устойчивым.",29 марта 2023,1,False,14,14. Инфраструктура и кампус; 5. Портал и IT-системы,False
"Мой совет тем, кто хочет поберечь свои нервы - не поступайте сюда. Особенно если вы более русскоговорящий и не консервативный, вас будут принижать и унижать, и наврятли здесь вам будет хорошо. Это скорее крупный бизнес, а не университет, в котором дают знания. Если бы у меня была возможность вернуться назад во времени, то я бы определенно поменяла свой выбор универа и в Каскелен ни ногой.",13 февраля 2023,2,False,29,13. Дискриминация и этика; 21. Общий негативный отзыв,False
"Те кто пишут что вуз слабый, не понимаю определенно таких людей",13 января 2023,1,False,8,15. Нерелевантный / пустой отзыв,False
"Приемная комиссия ужаснее не бывает, одни некомпетентные невежы",25 декабря 2022,1,False,10,3. Поступление и приёмная комиссия,True
Не советую,11 ноября 2022,1,False,10,21. Общий негативный отзыв,False
"Началось мое обучение очень печально, т.к. я студент из колледжа и у меня должны были списать некоторые уроки из колледжа, и это заняло достаточно много времени(3-4 недели), из-за чего я пропустил большинство материалов, а самое главное введение в эти уроки(если быть точнее, я не знал какие уроки мне выбирать а какие спишутся, поэтому вообще не выбирал). В данный это прям ужасно влияет на мою успеваемость, пока я изучаю сам каждый материал(с нуля) остальные проходят другой материал, соответсвенно я не понимаю что они проходят как решают или делают. На куизах у меня самый низкий балл, домашки пока не понимаю, просить учителей помочь немного стыдно(пропустил некоторые уроки я, а должны тратить время на мое обучение они). В общм, если хотите поступить сюда после колледжа, найдите тут такого же студента(после колледжа) и попросите помочь его составить вам расписание.

P.s. большое спасибо некоторым учителям(Ulykbek Amir, Dauren Ayazbaev) что вошли в мое положение и помогли мне со своими уроками!",2 ноября 2022,3,False,9,3. Поступление и приёмная комиссия; 4. Преподаватели и качество образования,False
"Дизайн и корпус красивый, однако контингент сомнительный. Преподаватели преподают или проповедуют, не понять!
Занимайтесь сначала своими обязательствами, а пятое и десятое после выполнения своих прямых обязанностей. Это в первую очередь - Универ, а не Мечеть!
Про персонал деканата филологии вообще молчу - грубые, ленивые, в рабочее время нет на месте, обед у них с 9 до 15:00, как я понял. Это шутка такая или да?
Разберитесь, пожалуйста!",6 сентября 2022,1,False,15,4. Преподаватели и качество образования; 8. Религия,False
Не дают спать со своими дебильнымм пранками,2 сентября 2022,1,False,5,17. Общежитие; 11. Атмосфера и студенческая жизнь,False
"Пришел забрать 17:20 ребенка, Охрана не пускает, говорит что работает с 9:00-18:00 и не пускает, тупая пропускная система, люди и так на нервах приезжают с долека а тут такое, спасибо за приём....",12 августа 2022,1,True,3,1. Охрана и пропускной режим,False
"Приёмная комиссия некомпетентно себя ведет. Спрашиваешь что-то, отвечают узнай сама на сайте. Почему так тяжело ответить? Я пришла узнать обо всем не через сайт, а чтобы со мной поговорили и объяснили. Неужели сотрудников не учат элементарной вежливости?",10 августа 2022,1,True,12,3. Поступление и приёмная комиссия,False
"Выглядит современно, но внутри действительно трудно дышать... плохая вентиляция. Заметила при первом же посещении. Так как моя сестра планирует тут обучаться, написала по-этому поводу на ватсап университета, обещали передать мою просьбу «в соответсвующий отдел»... надеюсь из этого что-то выйдет. А если нет, студентам этого университета советую написать петицию и обратится напрямую к ректору, если вас волнует этот вопрос! Я считаю проблему надо решать и делать это срочно. Так как приток воздуха самая необходимая для жизнедеятельности человека вещь.",9 августа 2022,3,True,9,14. Инфраструктура и кампус,False
"Отвратительная приёмная комиссия,никто ничего не знает и полностью игнорируют",22 июля 2022,1,True,5,3. Поступление и приёмная комиссия,True
"Охранников бы обучить вежливости, выбегают кет кет мұнда тұруға болмайды деп, а где парковаться не объясняют",30 июня 2022,1,True,3,1. Охрана и пропускной режим,False
"Отвратительный университет! Все работники, HR и руководство особенно - ублюдошные сволочи! Как вы смеете так работать и вести себя высокомерно?! Колхозный университет в яркой обертке! Берут на работу только своих по связям и кто закончил этот гребанный университет, а обычных профессионалов не берут. Ненавижу вас!",28 апреля 2022,1,True,11,12. Администрация и студ. отдел; 13. Дискриминация и этика,False
"Что могу сказать: персонажи хорошие, но гг тряпка, которая ничего не делает все аниме и будущее с помощью слез изменяется. Если вы думаете, что какой-нибудь Деку из мга льет слезы, как из ведра, то спешу вас огорчить, грёбаный Такемичи будет лить слезы в большинстве сцен, которые с ним происходят. Надеюсь автор манги придумает какой-то скилл, типа стена слез, которая пули останавливает хах 😄",18 апреля 2022,1,False,24,15. Нерелевантный / пустой отзыв,False
"Никогда не получилось дозвониться. Приехал из другого города, 2 часа подряд звонил, все операторы заняты",15 апреля 2022,1,False,6,20. Колл центр,False
Самый худший сервис которого я видел,16 февраля 2022,1,True,6,21. Общий негативный отзыв,False
"Крайне отвратная система у столовки в универе. Только недавно изменили цены на еду. Без того высокие цены на блюда подняли еще выше, порции на еду сократили почти в двое и теперь это чудо стоит 700 тг.",9 декабря 2021,2,False,10,2. Еда и столовая; 6. Стоимость и финансы,False
"Все равно никто не прочтет, но если кто-то тут будет, то вот вам рецепт оладушек:
Время приготовления: 30 мин

Кол-во порций: 4

Ингредиенты
Мука: 240 гр
Кефир (жирность можно любую, но лучше 1% - 2,5% в рецепте использован 2,5% ПРОСТОКВАШИНО): 250 мл
Яйца: 1 шт.
Сахар (без горки - снять ножом): 2 стол.л.
Соль (щепотка): по вкусу
Сода пищевая (ложка мерная, без горки): 0.5 чайн.л.
Растительное масло (на сковороду для жарки и потом доливать чуть-чуть): 3 стол.л",4 октября 2021,3,True,48,15. Нерелевантный / пустой отзыв,False
"Учусь в специальности химия - биология и это полный кошмар !!! Нет нормальных учителей, точнее, ИХ ВООБЩЕ НЕТ по химии биологии.

Такое чувство, что здесь уклон ставится только на турецкий (единственный предмет, где есть учитель и ведутся занятия).

Улучшите вентиляцию в университете, пожалуйста, душно и воняет.

Религию пропагандируют в общаге, в университете не заметила.

2 звезды ставлю только ради кампуса и хорошего окружения.",10 сентября 2021,2,True,15,4. Преподаватели и качество образования; 8. Религия; 17. Общежитие,False
"Сделайте вы нормальные туалеты в общаге, кошмар просто, никакого личного пространства!",9 сентября 2021,2,True,8,17. Общежитие; 14. Инфраструктура и кампус,False
Бардак при подаче документов.,24 августа 2021,1,True,7,3. Поступление и приёмная комиссия,False
"Подали заявку на грант, пришлось ждать пять дней, нашли ошибку там где ее нет, отправили повторно до сих пор нет ответа. Отключили все номера телефонов, где должны консультировать абитуриентов. Никакую информацию получить не возможно. Звонишь другим вузам очень приветливо отвечают подробно на все интересующие вопросы. Обратились с просьбой через Инстаграм , начали пугать что не примут наши документы это на вопрос почему беспричинно отклоняют наши заявки. Поняли что бесполезно дальше вести диалог, потому что когда начали требовать конкретные и четкие ответы на наши поставленные вопросы не смогли ответить или не хотели. Почему ставят непрофессиональных, неграмотных людей, которым научили одной фразе - ""ждите"" , когда нужна помощь людям. Слава всевышнему, что убрали его из списка перенаправляющих документы другим вузам, через которого подают областники.",24 июля 2021,1,True,6,3. Поступление и приёмная комиссия; 20. Колл центр,False
"Ужасный университет, нет номера приёмной комиссии, сколько дней уже не можем дозвониться, если в университете нету элементарно колл-центр где можно решить проблему, это уже говорит о качестве думаю, подали заявку на грант через егов в качестве приёмной комиссии указали SDU так как выходит только он и университет в Талдыкоргане. Звоним 8727 307 95 65 который день не можем дозвониться.",22 июля 2021,1,True,4,3. Поступление и приёмная комиссия; 20. Колл центр,False
"Чистка кармана, за каждое движение оплата, не предупреждают как нужно - значит плохо слушал!",15 февраля 2021,1,True,16,6. Стоимость и финансы,False
"Дозвониться не могу, даже по внутренним номерам. Может здесь ответят, отправили нам приказ что нужен пцр для допуска к занятиям 19.01.2021, сам приказ от 11.01.2021!
Завтра занятие, сегодня тоже, допустим сдам сегодня пцр, результаты ждать примерно два дня, получается я не допущена к занятиям пока нет пцр? Почему тогда извещают поздно, что необходим пцр, или не дают время для сдачи пцр?Что делать, пропускать все занятия пока не получим пцр?",19 января 2021,1,True,4,20. Колл центр,False
Не мог все таки дозвонится!!,13 января 2021,1,True,0,20. Колл центр,False
"Прислушайтесь к этому отзыву!

Самый жирный минус университета это то, что нет обратной связи. Де-юре, есть, де-факто, нет.

Если будут проблемы с выбором учителей или предметов - ПОШЕЛ ТЫ НАРАТАТУЙ. Скажет так универ.
Системные ошибки универа = твои ошибки.

У универа есть стратегия развития, читал и плакал.",9 января 2021,2,True,30,12. Администрация и студ. отдел; 20. Колл центр,False
"Конченая шарага!

2-3 хороших учителя за весь период обучения. Механизм по сдиранию денег с простых самаритян, которые повелись на красивый фантик. Местный престиж такой же мнимый, как и возможности, которые дает университет. Условия для комфортного обучения? Фиг. За 3 года в университете не научился абсолютно ничему, gpa высокий.
Лучше не жалейте времени и денег и сваливайте отсюда. Хорошего образования вы вряд ли дождетесь.

Пока что, самая большая ошибка в жизни.

И это, не говоря о религиозных загонах.",28 декабря 2020,1,True,19,4. Преподаватели и качество образования; 6. Стоимость и финансы; 8. Религия,True
Не дозвонится !!!!!!!!!!,23 декабря 2020,1,True,1,20. Колл центр,False
"Мое мнение об университете - одним словом гавняшка в красивой упаковке!

Поступил сюда по крутой рекламе в социальных сетях, ребята с приемной комиссии так красиво и круто рассказывали про свой университет, про студенческую жизнь...

Давайте начну по раскладывать по факту:
1. В общаге, абишки толкают тему с религией, типа гоу оразу держать, гоу в мечеть сходим, у меня может и хватило смелости сказать, что мне не интересно, но у многих из моих знакомых смелости не хватило и им приходится тусить с абишками, дабы быть у них на хорошем счету!
2. Преподаватели - слабые, тут реально крутых преподавателей по пальцам пересчитать, Самат Кассабек (и то на сколько я знаю, он уволился) да и Мария Ли, остальные тупо некомпетентные, я не знаю, по какому принципу их отбирают, ощущение будто первый кто откликнулся сразу берут!
3. Если Вы будете просить поменять Вам преподавателя, Деканат пошлет вас на 3 буквы и скажет, что вы тупые, а не преподаватель плохо отрабатывает наши деньги!
4. Каждый год набирают все больше и больше студентов, весь сброд со всего Казахстана, никакого фильтра в поступлении, сейчас дистанционка, но мне даже страшно представить, что будет когда начнется оффлайн обучение!!!!

Я не знаю, как на других специальностях, но информационными технологиями тут даже не пахнет!

В общем, я совершил огромную ошибку, когда поступил сюда! искренне хочу посоветовать всем кто выбирает университет, при выборе смотрите на то, что внутри него, а не инстаграм, на красивые фотографии, и подготовленных работников приемной комиссии!",30 ноября 2020,1,True,38,4. Преподаватели и качество образования; 8. Религия; 17. Общежитие,False
"Не все так радужно
😔",2 сентября 2020,1,False,10,21. Общий негативный отзыв,False
"Здесь людей насилуют, не в физическом, но моральном смысле",11 августа 2020,1,False,13,13. Дискриминация и этика,True
"Универ, как чиновник, обещал много, но не сдержал обещания...

В целом все зависит от индивидуального настроя, но многие учителя здесь не профессиональные в своей сфере, есть учителя, которые используют студентов ради своих «проектов», как дешевый рабочий труд, в целом это хорошо и выгодно для обоих сторон, если бы не перегибали палку, здесь я за 3 года встретил такого одного учителя. Видел учителя, который предлагал участие в своём проекте деньги, а при отказе шантажировал, а в конце предлагал деньги, чтобы забыть это все, он кстати среди некоторых учителей топчик и собирает информацию про студентов, что показалось мне странным и нелепым. Третья учительница из-за обиды оставляла на летник.
Процент нормальных учителей на ненормальных -28/72.

Каскелен отличное место для учебы, 10/10, ничего не отвлекает.

Атмосфера очень дружелюбная. 10/10

Учеников стало слишком много, моё мнение надо работать на качество, а не на количество. 3/10

Есть четкие прикольные учителя, как Самат Кассабек, Лариса Ермузаевна, учителя по cisco, Жомарт агай, Айнура Байкара и Мария Ли.

Образование относительно других казахских универов хорошее, но не стоит 4 лет вашего времени.",28 июня 2020,2,False,25,4. Преподаватели и качество образования; Упоминание имен учителей,False
Топ донеры и курилка,5 июня 2020,3,False,18,2. Еда и столовая,True
"Вы реально думаете что это хороший универ, если не верите поступайте, поучитесь на своих ошибках",5 июня 2020,1,False,9,21. Общий негативный отзыв,False
"Когда поступаешь все шикос но когда начинаются проблемы ну затруднение все такое универ не помогает, не за что можешь получит летник это зависит от настроение препода, если слабый английски то вообще щиздуй тебе скажут что тип тебе все будут помогать все такое наеб наоборот будут гнать тебя, есть преподы которым ваще пофиг пол семестра его нету и тут как волшебник появится и может не за что поставить летник, говорят если работает по своей сфере тебе дадут свободу чтоб получил опыт и помогут тоже наеб помогут тратить деньги на летники, даже сейчас во время карантина не сделали скидку на летний семестра хотя у многих Казахстанцев финансовые проблемы работы нет но они этого не понимают они не дали скидку хотя многие универы дали они отсрочку дали с процентом будешь доплачивать, есть система ну верующих ес шо, не отрицаю плюсы есть но не универа а просто люди там хорошие студенты классная атмосфера все такое и ещё плюсы есть вроде но я их не знаю. Ораза кабыл болсын. Но я рад что учился тут потому что Аза тут учится❤️",23 мая 2020,1,False,10,8. Религия; 17. Общежитие; 6. Стоимость и финансы,False
"в принципе место хорошее, если туда не ходить",16 марта 2020,3,False,36,22. Общий нейтральный отзыв,False
"Универ стал радикальным. Очень рада, что ушла отсюда 👎",3 марта 2026,1,False,0,8. Религия; 21. Общий негативный отзыв,False
"САМЫЙ Е б уый УНИВЕРСИТЕТ, никогда не поступайте сюда , если вы с алматы, если приезжие по✖️, поступайте",3 марта 2026,1,False,0,21. Общий негативный отзыв,False
асханасы ұнамады нашар и универ салқыыыыыын,1 марта 2026,1,False,0,2. Еда и столовая; 14. Инфраструктура и кампус,False
мне не понравилось,28 февраля 2026,1,False,0,21. Общий негативный отзыв,False
"Если переодически не ходить на пары то они без предупреждения отчисляют , даже денег возврат не дают .",27 февраля 2026,3,False,0,6. Стоимость и финансы; 12. Администрация и студ. отдел,True
"СДУ Hr кутырып кеткен че то , ни айлык айтпады каншадан толем болады , байгасын айтпад . Это конфедициально деп. Жас кыздар отырасындар мнау не счатный универде . Айтуга нормально боладыгой",9 февраля 2026,1,False,0,7. Трудоустройство и карьера,False
Не трудоустраивают .все СДУшники безработные,3 февраля 2026,1,False,1,7. Трудоустройство и карьера,False
Ару апайым осы жерде оқиды,28 января 2026,1,False,1,15. Нерелевантный / пустой отзыв,False
"Бул универ жумыспен камтамаспайды екен . Сонда 4 жыл окып акша не ушин кетти , жыл сайын 720.000 . Жарты акша кантин, обшага кетеди ал окудык . Ал жумыс кайда мнау dalbandar ga ректор болсын , турецкий хозяин болсын katev болсын акша жасап отсындар . Ал жумыс кайда сонда , биздерге . Айткан озимиз турецкий компания га комек беремиз деп енди жок сол . Сду негизи ол хизметский универ",27 января 2026,1,False,4,7. Трудоустройство и карьера; 6. Стоимость и финансы,True
"Govn0 универ еба ,платишь 2 миллион а тебе вот блин портал не xyi работает ебанi . Тупыe mrazi все руковдство сду который управляет сайтом",26 января 2026,1,False,4,5. Портал и IT-системы; 6. Стоимость и финансы,False
"Бүгін СДУ менеджментінің ең төмен дәрежесін көрсеткен кезекті күні. Осы оқу орнында мен 4,5 жыл оқыдым, тек алған жоқпын, өз тарапымнан көп нәрсе бердім. Өз қаламда СДУ-дың мәртебесі үшін презентациялар өткіздім, барған жерімде тек жақсы пікір қалыптастыруға тырыстым. Дегенмен әкімшіліктің өз студенттері мен түлектеріне түкіргені бар. Бүгін дипломымды алып кетуге келсем, ол әлі дайын емес боп шықты, ескертпе қағазы жіберілмей қалыпты. Бұны немқұрайлықтың шыңы деп есептеймін. Кірер бетте күзетпен бір арпалысасың, жұмыстан ат терлетіп сұранып келгеніңде бетіңе «әлі дайын емес» дей салады. Бұл мекемеде өзінің жұмысын білетін маман бар ма өзі?! 4,5 жыл барлық шаруамызды деканат жағалап жүріп шештік, отзывчивость, дедлайн, жауапкершілік деген дүние жоқтың қасы! Я столько натерпелась из-за административных проблем в этом ВУЗе, но всегда отзывалась о своем альма-матере тепло и хорошо. Но что получаю взамен от администрации?! Унизительный, жалкий менеджмент. Мына салғырттықтарыңызбен алысқа бармайсыздар! Білім алған ұстаздарым мен эдвайзерлеріме әңгімем жоқ, ал менеджментінің жұмысына берер бағам 0/10.",21 января 2026,1,True,18,18. Дипломы и документы; 12. Администрация и студ. отдел; 19. Отзывы выпускников,False
"Хотел сюда устроится на работу , обычным сотрудником . Сразу спрашивают девочки сколько вы хотите зп . Здесь как тогда кто оплачивает типо HR , че то ваше не понял . Мало цену сказал и тишина",15 января 2026,1,False,1,7. Трудоустройство и карьера,False
"3 years spent just in vain, I rather study in some sharaga at least wouldn't have spend much time on studying bullshit",10 января 2026,3,False,6,4. Преподаватели и качество образования; 19. Отзывы выпускников,False
"Турнули из универа , 4 месяца учился , и все , якобы за прогулы . А универу похууууй , главное не в этом а деньги я заплатил 720.000 за обучение . Если не вернут уже судебный акт готовлю на них . 190 статья часть 3 ук рк по этим руководство пойдет . Сам я на юриста учусь . Так что со мной тягаться уних не получится",3 января 2026,1,False,5,6. Стоимость и финансы; 12. Администрация и студ. отдел,True
"Универ так пойдет . Само здание как Торговый центр мега скажем на розыбакиева . 1-2 этаж кабинеты я заменил бы на бутик и , чисто одежды продавали бы Massimo , Zara . А за аренду я получал бы деньги . Все оплачивают здорово же . И не надо учиться. Если так посмотреть в Меге все так делают . Здесь уже думаю как бизнес построить 😂 . Каждый бутик по 200-300.000 сдавать , уже лям в кармане",3 января 2026,3,False,0,14. Инфраструктура и кампус; 22. Общий нейтральный отзыв,True
"Ағылшыннан беретін Ерғалиева Аида өтпеген тақырыптарды сессияға қосып қойған. Соның кесірінен стипендиядан құлап отырмын. 130+ балл ҰБТ-дан жинап, бұлай құлатады деп ойламадым…",2 января 2026,1,False,12,4. Преподаватели и качество образования; Упоминание имен учителей,False
"В образовательной среде университета фактически процветает дискриминация по национальному признаку. Данная практика нарушает базовые принципы академической этики, равенства прав студентов и подрывает репутацию учебного заведения. Косметическое благополучие кампуса не может служить оправданием системных нарушений.",27 декабря 2025,1,False,9,13. Дискриминация и этика,False
Деление по национальному признаку процветает) Сильно не роматизируйте красивый кампус 😘😌,25 декабря 2025,1,False,10,13. Дискриминация и этика,False
По любому безработный боласындар .,16 декабря 2025,1,False,7,7. Трудоустройство и карьера,True
Кбту сила,3 декабря 2025,1,False,10,21. Общий негативный отзыв,False
"Күзетшілер өте дөрекі, мүлдем эмпатиясы жоқ , надан, тас жүрек, мәдениетсіз адамдар. Студенттермен де ата-аналармен де орынсыз сөйлейді.
Кішкене кеш шығатындай жағдай болып қалса, (шамамен 19:30) қолдарындағы фонарьмен адамның бетіне жарығын түсіріп, мазақ қылады. Студентті адам орнына санамайтын сияқты. Бұл күзетшілерге адамдармен қалай сөйлесу керектігі жайында тренинг-семинар өткізу керек деп ойлаймын.
Университет деген студенттердің білім алып жастық шақтарын өткізетін жер. “Театр гардеробтан басталады” демекші, университет қақпасынан осындай, адаммен сөйлесу мәнерін білмейтін күзетшілер қарсы алғаны, олардың әдепсіз қылықтары бүкіл атмосфераны құртады.",26 ноября 2025,1,True,6,1. Охрана и пропускной режим,False
здравствуйте сду хороший университет такой большой университет но я потерял сына в сду его зовут роберт аян он такой бородатый и усатый и он похож на нурдаулета вообщем помогите найти его он потерялся после экзамена,17 ноября 2025,2,False,3,15. Нерелевантный / пустой отзыв,False
"Кезинде Директор общаганын Шохан деген Киси болган , намазханда , бирак тарбиесиз киси",14 ноября 2025,1,False,1,17. Общежитие; 8. Религия; Упоминание имен учителей,True
"Орта, орта деп қанды ішті. Неге универ істеріне дінді араластырасыздар? Ортаға кіретін студенттерге мұғалімдер басқаша қарайды. Көп дүниесіне көздерін жұмады, көтермелейді. Не сұмдық??! Адалдық болу қажет барлық жерде! Орта адамдары деп бөлектеп, бар жерде көтермелеп, соларды ғана іріктеп алуды тоқтатыңыздар!!!!!",26 октября 2025,1,False,11,8. Религия; 13. Дискриминация и этика,False
"Ен нашар СДУ жатақхана комменттер өтірік жазылған жаксыларін қалдырған өшірмендер елдер оқысын директор нашар өзінше болып , порядок жок кір лас хаус тәртіп жоқ амал жоқтар тұрады көбісі екінші семестрге қалмайды кетіп жатыр 2026 қантарда басталады бармандар ақшаларыныз зая кетеді тамақтарыда оншаемес жалоб көп",27 декабря 2025,1,False,0,17. Общежитие; Жалоба на удаление отзыва,False
WiFi давно тут не работает с 2015 года,17 июля 2025,1,False,0,14. Инфраструктура и кампус,False
"Қыздарға бытовка ашып қойсаңыздар деген өтініш бар, қарындары ашады, хоть қарындары ашқанда демалыс күндері түскі астарына макарон қуырып жесе де.
840.000 тгшамасында бір жылға төледік, бір ыстық тамақ кешкі ас беріледі, менюды өзгертіп тұрса екен. Басқасы ұнады.",5 июля 2025,3,False,0,17. Общежитие; 2. Еда и столовая,False
